landcover_class,geometry,landcover_name
4.0,"{""geodesic"": false, ""type"": ""Polygon"", ""coordinates"": [[[76.8, 28.4], [76.83, 28.4], [76.83, 28.424999999999997], [76.8, 28.424999999999997], [76.8, 28.4]]]}",Crops
4.0,"{""geodesic"": false, ""type"": ""Polygon"", ""coordinates"": [[[76.83, 28.4], [76.86, 28.4], [76.86, 28.424999999999997], [76.83, 28.424999999999997], [76.83, 28.4]]]}",Crops
4.0,"{""geodesic"": false, ""type"": ""Polygon"", ""coordinates"": [[[76.86, 28.4], [76.89, 28.4], [76.89, 28.424999999999997], [76.86, 28.424999999999997], [76.86, 28.4]]]}",Crops
5.999999999999987,"{""geodesic"": false, ""type"": ""Polygon"", ""coordinates"": [[[76.89, 28.4], [76.92, 28.4], [76.92, 28.424999999999997], [76.89, 28.424999999999997], [76.89, 28.4]]]}",
5.999999999999996,"{""geodesic"": false, ""type"": ""Polygon"", ""coordinates"": [[[76.92, 28.4], [76.95, 28.4], [76.95, 28.424999999999997], [76.92, 28.424999999999997], [76.92, 28.4]]]}",
5.999999999999969,"{""geodesic"": false, ""type"": ""Polygon"", ""coordinates"": [[[76.95, 28.4], [76.98, 28.4], [76.98, 28.424999999999997], [76.95, 28.424999999999997], [76.95, 28.4]]]}",
5.999999999999951,"{""geodesic"": false, ""type"": ""Polygon"", ""coordinates"": [[[76.98, 28.4], [77.01, 28.4], [77.01, 28.424999999999997], [76.98, 28.424999999999997], [76.98, 28.4]]]}",
5.999999999999922,"{""geodesic"": false, ""type"": ""Polygon"", ""coordinates"": [[[77.01, 28.4], [77.04, 28.4], [77.04, 28.424999999999997], [77.01, 28.424999999999997], [77.01, 28.4]]]}",
5.999999999999892,"{""geodesic"": false, ""type"": ""Polygon"", ""coordinates"": [[[77.04, 28.4], [77.07000000000001, 28.4], [77.07000000000001, 28.424999999999997], [77.04, 28.424999999999997], [77.04, 28.4]]]}",
5.999999999999983,"{""geodesic"": false, ""type"": ""Polygon"", ""coordinates"": [[[77.07000000000001, 28.4], [77.10000000000001, 28.4], [77.10000000000001, 28.424999999999997], [77.07000000000001, 28.424999999999997], [77.07000000000001, 28.4]]]}",
5.999999999999985,"{""geodesic"": false, ""type"": ""Polygon"", ""coordinates"": [[[77.1, 28.4], [77.13, 28.4], [77.13, 28.424999999999997], [77.1, 28.424999999999997], [77.1, 28.4]]]}",
4.0,"{""geodesic"": false, ""type"": ""Polygon"", ""coordinates"": [[[77.13, 28.4], [77.16, 28.4], [77.16, 28.424999999999997], [77.13, 28.424999999999997], [77.13, 28.4]]]}",Crops
1.0,"{""geodesic"": false, ""type"": ""Polygon"", ""coordinates"": [[[77.16, 28.4], [77.19, 28.4], [77.19, 28.424999999999997], [77.16, 28.424999999999997], [77.16, 28.4]]]}",Trees
1.0,"{""geodesic"": false, ""type"": ""Polygon"", ""coordinates"": [[[77.19, 28.4], [77.22, 28.4], [77.22, 28.424999999999997], [77.19, 28.424999999999997], [77.19, 28.4]]]}",Trees
1.0,"{""geodesic"": false, ""type"": ""Polygon"", ""coordinates"": [[[77.22, 28.4], [77.25, 28.4], [77.25, 28.424999999999997], [77.22, 28.424999999999997], [77.22, 28.4]]]}",Trees
1.0,"{""geodesic"": false, ""type"": ""Polygon"", ""coordinates"": [[[77.25, 28.4], [77.28, 28.4], [77.28, 28.424999999999997], [77.25, 28.424999999999997], [77.25, 28.4]]]}",Trees
5.999999999999905,"{""geodesic"": false, ""type"": ""Polygon"", ""coordinates"": [[[77.28, 28.4], [77.31, 28.4], [77.31, 28.424999999999997], [77.28, 28.424999999999997], [77.28, 28.4]]]}",
5.9999999999999165,"{""geodesic"": false, ""type"": ""Polygon"", ""coordinates"": [[[77.31, 28.4], [77.34, 28.4], [77.34, 28.424999999999997], [77.31, 28.424999999999997], [77.31, 28.4]]]}",
5.999999999999995,"{""geodesic"": false, ""type"": ""Polygon"", ""coordinates"": [[[77.34, 28.4], [77.37, 28.4], [77.37, 28.424999999999997], [77.34, 28.424999999999997], [77.34, 28.4]]]}",
4.0,"{""geodesic"": false, ""type"": ""Polygon"", ""coordinates"": [[[77.37, 28.4], [77.4, 28.4], [77.4, 28.424999999999997], [77.37, 28.424999999999997], [77.37, 28.4]]]}",Crops
4.0,"{""geodesic"": false, ""type"": ""Polygon"", ""coordinates"": [[[77.4, 28.4], [77.43, 28.4], [77.43, 28.424999999999997], [77.4, 28.424999999999997], [77.4, 28.4]]]}",Crops
4.0,"{""geodesic"": false, ""type"": ""Polygon"", ""coordinates"": [[[76.8, 28.424999999999997], [76.83, 28.424999999999997], [76.83, 28.449999999999996], [76.8, 28.449999999999996], [76.8, 28.424999999999997]]]}",Crops
4.0,"{""geodesic"": false, ""type"": ""Polygon"", ""coordinates"": [[[76.83, 28.424999999999997], [76.86, 28.424999999999997], [76.86, 28.449999999999996], [76.83, 28.449999999999996], [76.83, 28.424999999999997]]]}",Crops
4.0,"{""geodesic"": false, ""type"": ""Polygon"", ""coordinates"": [[[76.86, 28.424999999999997], [76.89, 28.424999999999997], [76.89, 28.449999999999996], [76.86, 28.449999999999996], [76.86, 28.424999999999997]]]}",Crops
4.0,"{""geodesic"": false, ""type"": ""Polygon"", ""coordinates"": [[[76.89, 28.424999999999997], [76.92, 28.424999999999997], [76.92, 28.449999999999996], [76.89, 28.449999999999996], [76.89, 28.424999999999997]]]}",Crops
5.999999999999998,"{""geodesic"": false, ""type"": ""Polygon"", ""coordinates"": [[[76.92, 28.424999999999997], [76.95, 28.424999999999997], [76.95, 28.449999999999996], [76.92, 28.449999999999996], [76.92, 28.424999999999997]]]}",
4.0,"{""geodesic"": false, ""type"": ""Polygon"", ""coordinates"": [[[76.95, 28.424999999999997], [76.98, 28.424999999999997], [76.98, 28.449999999999996], [76.95, 28.449999999999996], [76.95, 28.424999999999997]]]}",Crops
6.000000000000007,"{""geodesic"": false, ""type"": ""Polygon"", ""coordinates"": [[[76.98, 28.424999999999997], [77.01, 28.424999999999997], [77.01, 28.449999999999996], [76.98, 28.449999999999996], [76.98, 28.424999999999997]]]}",
6.000000000000003,"{""geodesic"": false, ""type"": ""Polygon"", ""coordinates"": [[[77.01, 28.424999999999997], [77.04, 28.424999999999997], [77.04, 28.449999999999996], [77.01, 28.449999999999996], [77.01, 28.424999999999997]]]}",
6.0,"{""geodesic"": false, ""type"": ""Polygon"", ""coordinates"": [[[77.04, 28.424999999999997], [77.07000000000001, 28.424999999999997], [77.07000000000001, 28.449999999999996], [77.04, 28.449999999999996], [77.04, 28.424999999999997]]]}",Built area
5.999999999999998,"{""geodesic"": false, ""type"": ""Polygon"", ""coordinates"": [[[77.07000000000001, 28.424999999999997], [77.10000000000001, 28.424999999999997], [77.10000000000001, 28.449999999999996], [77.07000000000001, 28.449999999999996], [77.07000000000001, 28.424999999999997]]]}",
1.0,"{""geodesic"": false, ""type"": ""Polygon"", ""coordinates"": [[[77.1, 28.424999999999997], [77.13, 28.424999999999997], [77.13, 28.449999999999996], [77.1, 28.449999999999996], [77.1, 28.424999999999997]]]}",Trees
5.999999999999997,"{""geodesic"": false, ""type"": ""Polygon"", ""coordinates"": [[[77.13, 28.424999999999997], [77.16, 28.424999999999997], [77.16, 28.449999999999996], [77.13, 28.449999999999996], [77.13, 28.424999999999997]]]}",
5.999999999999998,"{""geodesic"": false, ""type"": ""Polygon"", ""coordinates"": [[[77.16, 28.424999999999997], [77.19, 28.424999999999997], [77.19, 28.449999999999996], [77.16, 28.449999999999996], [77.16, 28.424999999999997]]]}",
6.000000000000001,"{""geodesic"": false, ""type"": ""Polygon"", ""coordinates"": [[[77.19, 28.424999999999997], [77.22, 28.424999999999997], [77.22, 28.449999999999996], [77.19, 28.449999999999996], [77.19, 28.424999999999997]]]}",
1.0,"{""geodesic"": false, ""type"": ""Polygon"", ""coordinates"": [[[77.22, 28.424999999999997], [77.25, 28.424999999999997], [77.25, 28.449999999999996], [77.22, 28.449999999999996], [77.22, 28.424999999999997]]]}",Trees
1.0,"{""geodesic"": false, ""type"": ""Polygon"", ""coordinates"": [[[77.25, 28.424999999999997], [77.28, 28.424999999999997], [77.28, 28.449999999999996], [77.25, 28.449999999999996], [77.25, 28.424999999999997]]]}",Trees
5.999999999999993,"{""geodesic"": false, ""type"": ""Polygon"", ""coordinates"": [[[77.28, 28.424999999999997], [77.31, 28.424999999999997], [77.31, 28.449999999999996], [77.28, 28.449999999999996], [77.28, 28.424999999999997]]]}",
6.000000000000008,"{""geodesic"": false, ""type"": ""Polygon"", ""coordinates"": [[[77.31, 28.424999999999997], [77.34, 28.424999999999997], [77.34, 28.449999999999996], [77.31, 28.449999999999996], [77.31, 28.424999999999997]]]}",
4.0,"{""geodesic"": false, ""type"": ""Polygon"", ""coordinates"": [[[77.34, 28.424999999999997], [77.37, 28.424999999999997], [77.37, 28.449999999999996], [77.34, 28.449999999999996], [77.34, 28.424999999999997]]]}",Crops
4.0,"{""geodesic"": false, ""type"": ""Polygon"", ""coordinates"": [[[77.37, 28.424999999999997], [77.4, 28.424999999999997], [77.4, 28.449999999999996], [77.37, 28.449999999999996], [77.37, 28.424999999999997]]]}",Crops
4.0,"{""geodesic"": false, ""type"": ""Polygon"", ""coordinates"": [[[77.4, 28.424999999999997], [77.43, 28.424999999999997], [77.43, 28.449999999999996], [77.4, 28.449999999999996], [77.4, 28.424999999999997]]]}",Crops
4.0,"{""geodesic"": false, ""type"": ""Polygon"", ""coordinates"": [[[76.8, 28.45], [76.83, 28.45], [76.83, 28.474999999999998], [76.8, 28.474999999999998], [76.8, 28.45]]]}",Crops
4.0,"{""geodesic"": false, ""type"": ""Polygon"", ""coordinates"": [[[76.83, 28.45], [76.86, 28.45], [76.86, 28.474999999999998], [76.83, 28.474999999999998], [76.83, 28.45]]]}",Crops
4.0,"{""geodesic"": false, ""type"": ""Polygon"", ""coordinates"": [[[76.86, 28.45], [76.89, 28.45], [76.89, 28.474999999999998], [76.86, 28.474999999999998], [76.86, 28.45]]]}",Crops
4.0,"{""geodesic"": false, ""type"": ""Polygon"", ""coordinates"": [[[76.89, 28.45], [76.92, 28.45], [76.92, 28.474999999999998], [76.89, 28.474999999999998], [76.89, 28.45]]]}",Crops
4.0,"{""geodesic"": false, ""type"": ""Polygon"", ""coordinates"": [[[76.92, 28.45], [76.95, 28.45], [76.95, 28.474999999999998], [76.92, 28.474999999999998], [76.92, 28.45]]]}",Crops
6.000000000000021,"{""geodesic"": false, ""type"": ""Polygon"", ""coordinates"": [[[76.95, 28.45], [76.98, 28.45], [76.98, 28.474999999999998], [76.95, 28.474999999999998], [76.95, 28.45]]]}",
6.0000000000000595,"{""geodesic"": false, ""type"": ""Polygon"", ""coordinates"": [[[76.98, 28.45], [77.01, 28.45], [77.01, 28.474999999999998], [76.98, 28.474999999999998], [76.98, 28.45]]]}",
6.00000000000008,"{""geodesic"": false, ""type"": ""Polygon"", ""coordinates"": [[[77.01, 28.45], [77.04, 28.45], [77.04, 28.474999999999998], [77.01, 28.474999999999998], [77.01, 28.45]]]}",
6.000000000000057,"{""geodesic"": false, ""type"": ""Polygon"", ""coordinates"": [[[77.04, 28.45], [77.07000000000001, 28.45], [77.07000000000001, 28.474999999999998], [77.04, 28.474999999999998], [77.04, 28.45]]]}",
6.000000000000066,"{""geodesic"": false, ""type"": ""Polygon"", ""coordinates"": [[[77.07000000000001, 28.45], [77.10000000000001, 28.45], [77.10000000000001, 28.474999999999998], [77.07000000000001, 28.474999999999998], [77.07000000000001, 28.45]]]}",
1.0,"{""geodesic"": false, ""type"": ""Polygon"", ""coordinates"": [[[77.1, 28.45], [77.13, 28.45], [77.13, 28.474999999999998], [77.1, 28.474999999999998], [77.1, 28.45]]]}",Trees
6.0,"{""geodesic"": false, ""type"": ""Polygon"", ""coordinates"": [[[77.13, 28.45], [77.16, 28.45], [77.16, 28.474999999999998], [77.13, 28.474999999999998], [77.13, 28.45]]]}",Built area
6.0,"{""geodesic"": false, ""type"": ""Polygon"", ""coordinates"": [[[77.16, 28.45], [77.19, 28.45], [77.19, 28.474999999999998], [77.16, 28.474999999999998], [77.16, 28.45]]]}",Built area
6.0,"{""geodesic"": false, ""type"": ""Polygon"", ""coordinates"": [[[77.19, 28.45], [77.22, 28.45], [77.22, 28.474999999999998], [77.19, 28.474999999999998], [77.19, 28.45]]]}",Built area
1.0,"{""geodesic"": false, ""type"": ""Polygon"", ""coordinates"": [[[77.22, 28.45], [77.25, 28.45], [77.25, 28.474999999999998], [77.22, 28.474999999999998], [77.22, 28.45]]]}",Trees
1.0,"{""geodesic"": false, ""type"": ""Polygon"", ""coordinates"": [[[77.25, 28.45], [77.28, 28.45], [77.28, 28.474999999999998], [77.25, 28.474999999999998], [77.25, 28.45]]]}",Trees
6.0,"{""geodesic"": false, ""type"": ""Polygon"", ""coordinates"": [[[77.28, 28.45], [77.31, 28.45], [77.31, 28.474999999999998], [77.28, 28.474999999999998], [77.28, 28.45]]]}",Built area
6.000000000000013,"{""geodesic"": false, ""type"": ""Polygon"", ""coordinates"": [[[77.31, 28.45], [77.34, 28.45], [77.34, 28.474999999999998], [77.31, 28.474999999999998], [77.31, 28.45]]]}",
1.0,"{""geodesic"": false, ""type"": ""Polygon"", ""coordinates"": [[[77.34, 28.45], [77.37, 28.45], [77.37, 28.474999999999998], [77.34, 28.474999999999998], [77.34, 28.45]]]}",Trees
4.0,"{""geodesic"": false, ""type"": ""Polygon"", ""coordinates"": [[[77.37, 28.45], [77.4, 28.45], [77.4, 28.474999999999998], [77.37, 28.474999999999998], [77.37, 28.45]]]}",Crops
4.0,"{""geodesic"": false, ""type"": ""Polygon"", ""coordinates"": [[[77.4, 28.45], [77.43, 28.45], [77.43, 28.474999999999998], [77.4, 28.474999999999998], [77.4, 28.45]]]}",Crops
4.0,"{""geodesic"": false, ""type"": ""Polygon"", ""coordinates"": [[[76.8, 28.474999999999998], [76.83, 28.474999999999998], [76.83, 28.499999999999996], [76.8, 28.499999999999996], [76.8, 28.474999999999998]]]}",Crops
4.0,"{""geodesic"": false, ""type"": ""Polygon"", ""coordinates"": [[[76.83, 28.474999999999998], [76.86, 28.474999999999998], [76.86, 28.499999999999996], [76.83, 28.499999999999996], [76.83, 28.474999999999998]]]}",Crops
4.0,"{""geodesic"": false, ""type"": ""Polygon"", ""coordinates"": [[[76.86, 28.474999999999998], [76.89, 28.474999999999998], [76.89, 28.499999999999996], [76.86, 28.499999999999996], [76.86, 28.474999999999998]]]}",Crops
4.0,"{""geodesic"": false, ""type"": ""Polygon"", ""coordinates"": [[[76.89, 28.474999999999998], [76.92, 28.474999999999998], [76.92, 28.499999999999996], [76.89, 28.499999999999996], [76.89, 28.474999999999998]]]}",Crops
4.0,"{""geodesic"": false, ""type"": ""Polygon"", ""coordinates"": [[[76.92, 28.474999999999998], [76.95, 28.474999999999998], [76.95, 28.499999999999996], [76.92, 28.499999999999996], [76.92, 28.474999999999998]]]}",Crops
4.0,"{""geodesic"": false, ""type"": ""Polygon"", ""coordinates"": [[[76.95, 28.474999999999998], [76.98, 28.474999999999998], [76.98, 28.499999999999996], [76.95, 28.499999999999996], [76.95, 28.474999999999998]]]}",Crops
5.999999999999951,"{""geodesic"": false, ""type"": ""Polygon"", ""coordinates"": [[[76.98, 28.474999999999998], [77.01, 28.474999999999998], [77.01, 28.499999999999996], [76.98, 28.499999999999996], [76.98, 28.474999999999998]]]}",
5.9999999999999885,"{""geodesic"": false, ""type"": ""Polygon"", ""coordinates"": [[[77.01, 28.474999999999998], [77.04, 28.474999999999998], [77.04, 28.499999999999996], [77.01, 28.499999999999996], [77.01, 28.474999999999998]]]}",
5.999999999999966,"{""geodesic"": false, ""type"": ""Polygon"", ""coordinates"": [[[77.04, 28.474999999999998], [77.07000000000001, 28.474999999999998], [77.07000000000001, 28.499999999999996], [77.04, 28.499999999999996], [77.04, 28.474999999999998]]]}",
6.0,"{""geodesic"": false, ""type"": ""Polygon"", ""coordinates"": [[[77.07000000000001, 28.474999999999998], [77.10000000000001, 28.474999999999998], [77.10000000000001, 28.499999999999996], [77.07000000000001, 28.499999999999996], [77.07000000000001, 28.474999999999998]]]}",Built area
5.999999999999948,"{""geodesic"": false, ""type"": ""Polygon"", ""coordinates"": [[[77.1, 28.474999999999998], [77.13, 28.474999999999998], [77.13, 28.499999999999996], [77.1, 28.499999999999996], [77.1, 28.474999999999998]]]}",
5.999999999999918,"{""geodesic"": false, ""type"": ""Polygon"", ""coordinates"": [[[77.13, 28.474999999999998], [77.16, 28.474999999999998], [77.16, 28.499999999999996], [77.13, 28.499999999999996], [77.13, 28.474999999999998]]]}",
6.0,"{""geodesic"": false, ""type"": ""Polygon"", ""coordinates"": [[[77.16, 28.474999999999998], [77.19, 28.474999999999998], [77.19, 28.499999999999996], [77.16, 28.499999999999996], [77.16, 28.474999999999998]]]}",Built area
1.0,"{""geodesic"": false, ""type"": ""Polygon"", ""coordinates"": [[[77.19, 28.474999999999998], [77.22, 28.474999999999998], [77.22, 28.499999999999996], [77.19, 28.499999999999996], [77.19, 28.474999999999998]]]}",Trees
1.0,"{""geodesic"": false, ""type"": ""Polygon"", ""coordinates"": [[[77.22, 28.474999999999998], [77.25, 28.474999999999998], [77.25, 28.499999999999996], [77.22, 28.499999999999996], [77.22, 28.474999999999998]]]}",Trees
1.0,"{""geodesic"": false, ""type"": ""Polygon"", ""coordinates"": [[[77.25, 28.474999999999998], [77.28, 28.474999999999998], [77.28, 28.499999999999996], [77.25, 28.499999999999996], [77.25, 28.474999999999998]]]}",Trees
5.9999999999999805,"{""geodesic"": false, ""type"": ""Polygon"", ""coordinates"": [[[77.28, 28.474999999999998], [77.31, 28.474999999999998], [77.31, 28.499999999999996], [77.28, 28.499999999999996], [77.28, 28.474999999999998]]]}",
5.999999999999983,"{""geodesic"": false, ""type"": ""Polygon"", ""coordinates"": [[[77.31, 28.474999999999998], [77.34, 28.474999999999998], [77.34, 28.499999999999996], [77.31, 28.499999999999996], [77.31, 28.474999999999998]]]}",
1.0,"{""geodesic"": false, ""type"": ""Polygon"", ""coordinates"": [[[77.34, 28.474999999999998], [77.37, 28.474999999999998], [77.37, 28.499999999999996], [77.34, 28.499999999999996], [77.34, 28.474999999999998]]]}",Trees
5.99999999999992,"{""geodesic"": false, ""type"": ""Polygon"", ""coordinates"": [[[77.37, 28.474999999999998], [77.4, 28.474999999999998], [77.4, 28.499999999999996], [77.37, 28.499999999999996], [77.37, 28.474999999999998]]]}",
5.9999999999999565,"{""geodesic"": false, ""type"": ""Polygon"", ""coordinates"": [[[77.4, 28.474999999999998], [77.43, 28.474999999999998], [77.43, 28.499999999999996], [77.4, 28.499999999999996], [77.4, 28.474999999999998]]]}",
4.0,"{""geodesic"": false, ""type"": ""Polygon"", ""coordinates"": [[[76.8, 28.5], [76.83, 28.5], [76.83, 28.525], [76.8, 28.525], [76.8, 28.5]]]}",Crops
4.0,"{""geodesic"": false, ""type"": ""Polygon"", ""coordinates"": [[[76.83, 28.5], [76.86, 28.5], [76.86, 28.525], [76.83, 28.525], [76.83, 28.5]]]}",Crops
4.0,"{""geodesic"": false, ""type"": ""Polygon"", ""coordinates"": [[[76.86, 28.5], [76.89, 28.5], [76.89, 28.525], [76.86, 28.525], [76.86, 28.5]]]}",Crops
4.0,"{""geodesic"": false, ""type"": ""Polygon"", ""coordinates"": [[[76.89, 28.5], [76.92, 28.5], [76.92, 28.525], [76.89, 28.525], [76.89, 28.5]]]}",Crops
4.0,"{""geodesic"": false, ""type"": ""Polygon"", ""coordinates"": [[[76.92, 28.5], [76.95, 28.5], [76.95, 28.525], [76.92, 28.525], [76.92, 28.5]]]}",Crops
4.0,"{""geodesic"": false, ""type"": ""Polygon"", ""coordinates"": [[[76.95, 28.5], [76.98, 28.5], [76.98, 28.525], [76.95, 28.525], [76.95, 28.5]]]}",Crops
6.000000000000004,"{""geodesic"": false, ""type"": ""Polygon"", ""coordinates"": [[[76.98, 28.5], [77.01, 28.5], [77.01, 28.525], [76.98, 28.525], [76.98, 28.5]]]}",
6.000000000000012,"{""geodesic"": false, ""type"": ""Polygon"", ""coordinates"": [[[77.01, 28.5], [77.04, 28.5], [77.04, 28.525], [77.01, 28.525], [77.01, 28.5]]]}",
5.99999999999996,"{""geodesic"": false, ""type"": ""Polygon"", ""coordinates"": [[[77.04, 28.5], [77.07000000000001, 28.5], [77.07000000000001, 28.525], [77.04, 28.525], [77.04, 28.5]]]}",
6.0,"{""geodesic"": false, ""type"": ""Polygon"", ""coordinates"": [[[77.07000000000001, 28.5], [77.10000000000001, 28.5], [77.10000000000001, 28.525], [77.07000000000001, 28.525], [77.07000000000001, 28.5]]]}",Built area
5.999999999999985,"{""geodesic"": false, ""type"": ""Polygon"", ""coordinates"": [[[77.1, 28.5], [77.13, 28.5], [77.13, 28.525], [77.1, 28.525], [77.1, 28.5]]]}",
6.0,"{""geodesic"": false, ""type"": ""Polygon"", ""coordinates"": [[[77.13, 28.5], [77.16, 28.5], [77.16, 28.525], [77.13, 28.525], [77.13, 28.5]]]}",Built area
6.0,"{""geodesic"": false, ""type"": ""Polygon"", ""coordinates"": [[[77.16, 28.5], [77.19, 28.5], [77.19, 28.525], [77.16, 28.525], [77.16, 28.5]]]}",Built area
6.000000000000025,"{""geodesic"": false, ""type"": ""Polygon"", ""coordinates"": [[[77.19, 28.5], [77.22, 28.5], [77.22, 28.525], [77.19, 28.525], [77.19, 28.5]]]}",
5.99999999999999,"{""geodesic"": false, ""type"": ""Polygon"", ""coordinates"": [[[77.22, 28.5], [77.25, 28.5], [77.25, 28.525], [77.22, 28.525], [77.22, 28.5]]]}",
6.0,"{""geodesic"": false, ""type"": ""Polygon"", ""coordinates"": [[[77.25, 28.5], [77.28, 28.5], [77.28, 28.525], [77.25, 28.525], [77.25, 28.5]]]}",Built area
5.999999999999985,"{""geodesic"": false, ""type"": ""Polygon"", ""coordinates"": [[[77.28, 28.5], [77.31, 28.5], [77.31, 28.525], [77.28, 28.525], [77.28, 28.5]]]}",
5.999999999999983,"{""geodesic"": false, ""type"": ""Polygon"", ""coordinates"": [[[77.31, 28.5], [77.34, 28.5], [77.34, 28.525], [77.31, 28.525], [77.31, 28.5]]]}",
6.000000000000007,"{""geodesic"": false, ""type"": ""Polygon"", ""coordinates"": [[[77.34, 28.5], [77.37, 28.5], [77.37, 28.525], [77.34, 28.525], [77.34, 28.5]]]}",
6.0000000000000036,"{""geodesic"": false, ""type"": ""Polygon"", ""coordinates"": [[[77.37, 28.5], [77.4, 28.5], [77.4, 28.525], [77.37, 28.525], [77.37, 28.5]]]}",
5.999999999999992,"{""geodesic"": false, ""type"": ""Polygon"", ""coordinates"": [[[77.4, 28.5], [77.43, 28.5], [77.43, 28.525], [77.4, 28.525], [77.4, 28.5]]]}",
4.0,"{""geodesic"": false, ""type"": ""Polygon"", ""coordinates"": [[[76.8, 28.525], [76.83, 28.525], [76.83, 28.549999999999997], [76.8, 28.549999999999997], [76.8, 28.525]]]}",Crops
4.0,"{""geodesic"": false, ""type"": ""Polygon"", ""coordinates"": [[[76.83, 28.525], [76.86, 28.525], [76.86, 28.549999999999997], [76.83, 28.549999999999997], [76.83, 28.525]]]}",Crops
4.0,"{""geodesic"": false, ""type"": ""Polygon"", ""coordinates"": [[[76.86, 28.525], [76.89, 28.525], [76.89, 28.549999999999997], [76.86, 28.549999999999997], [76.86, 28.525]]]}",Crops
4.0,"{""geodesic"": false, ""type"": ""Polygon"", ""coordinates"": [[[76.89, 28.525], [76.92, 28.525], [76.92, 28.549999999999997], [76.89, 28.549999999999997], [76.89, 28.525]]]}",Crops
4.0,"{""geodesic"": false, ""type"": ""Polygon"", ""coordinates"": [[[76.92, 28.525], [76.95, 28.525], [76.95, 28.549999999999997], [76.92, 28.549999999999997], [76.92, 28.525]]]}",Crops
4.0,"{""geodesic"": false, ""type"": ""Polygon"", ""coordinates"": [[[76.95, 28.525], [76.98, 28.525], [76.98, 28.549999999999997], [76.95, 28.549999999999997], [76.95, 28.525]]]}",Crops
4.0,"{""geodesic"": false, ""type"": ""Polygon"", ""coordinates"": [[[76.98, 28.525], [77.01, 28.525], [77.01, 28.549999999999997], [76.98, 28.549999999999997], [76.98, 28.525]]]}",Crops
5.999999999999999,"{""geodesic"": false, ""type"": ""Polygon"", ""coordinates"": [[[77.01, 28.525], [77.04, 28.525], [77.04, 28.549999999999997], [77.01, 28.549999999999997], [77.01, 28.525]]]}",
5.999999999999988,"{""geodesic"": false, ""type"": ""Polygon"", ""coordinates"": [[[77.04, 28.525], [77.07000000000001, 28.525], [77.07000000000001, 28.549999999999997], [77.04, 28.549999999999997], [77.04, 28.525]]]}",
6.000000000000008,"{""geodesic"": false, ""type"": ""Polygon"", ""coordinates"": [[[77.07000000000001, 28.525], [77.10000000000001, 28.525], [77.10000000000001, 28.549999999999997], [77.07000000000001, 28.549999999999997], [77.07000000000001, 28.525]]]}",
6.000000000000008,"{""geodesic"": false, ""type"": ""Polygon"", ""coordinates"": [[[77.1, 28.525], [77.13, 28.525], [77.13, 28.549999999999997], [77.1, 28.549999999999997], [77.1, 28.525]]]}",
5.999999999999986,"{""geodesic"": false, ""type"": ""Polygon"", ""coordinates"": [[[77.13, 28.525], [77.16, 28.525], [77.16, 28.549999999999997], [77.13, 28.549999999999997], [77.13, 28.525]]]}",
1.0,"{""geodesic"": false, ""type"": ""Polygon"", ""coordinates"": [[[77.16, 28.525], [77.19, 28.525], [77.19, 28.549999999999997], [77.16, 28.549999999999997], [77.16, 28.525]]]}",Trees
6.0,"{""geodesic"": false, ""type"": ""Polygon"", ""coordinates"": [[[77.19, 28.525], [77.22, 28.525], [77.22, 28.549999999999997], [77.19, 28.549999999999997], [77.19, 28.525]]]}",Built area
5.9999999999999885,"{""geodesic"": false, ""type"": ""Polygon"", ""coordinates"": [[[77.22, 28.525], [77.25, 28.525], [77.25, 28.549999999999997], [77.22, 28.549999999999997], [77.22, 28.525]]]}",
5.999999999999984,"{""geodesic"": false, ""type"": ""Polygon"", ""coordinates"": [[[77.25, 28.525], [77.28, 28.525], [77.28, 28.549999999999997], [77.25, 28.549999999999997], [77.25, 28.525]]]}",
5.9999999999999885,"{""geodesic"": false, ""type"": ""Polygon"", ""coordinates"": [[[77.28, 28.525], [77.31, 28.525], [77.31, 28.549999999999997], [77.28, 28.549999999999997], [77.28, 28.525]]]}",
5.999999999999988,"{""geodesic"": false, ""type"": ""Polygon"", ""coordinates"": [[[77.31, 28.525], [77.34, 28.525], [77.34, 28.549999999999997], [77.31, 28.549999999999997], [77.31, 28.525]]]}",
6.0000000000000195,"{""geodesic"": false, ""type"": ""Polygon"", ""coordinates"": [[[77.34, 28.525], [77.37, 28.525], [77.37, 28.549999999999997], [77.34, 28.549999999999997], [77.34, 28.525]]]}",
6.000000000000003,"{""geodesic"": false, ""type"": ""Polygon"", ""coordinates"": [[[77.37, 28.525], [77.4, 28.525], [77.4, 28.549999999999997], [77.37, 28.549999999999997], [77.37, 28.525]]]}",
5.999999999999995,"{""geodesic"": false, ""type"": ""Polygon"", ""coordinates"": [[[77.4, 28.525], [77.43, 28.525], [77.43, 28.549999999999997], [77.4, 28.549999999999997], [77.4, 28.525]]]}",
4.0,"{""geodesic"": false, ""type"": ""Polygon"", ""coordinates"": [[[76.8, 28.549999999999997], [76.83, 28.549999999999997], [76.83, 28.574999999999996], [76.8, 28.574999999999996], [76.8, 28.549999999999997]]]}",Crops
4.0,"{""geodesic"": false, ""type"": ""Polygon"", ""coordinates"": [[[76.83, 28.549999999999997], [76.86, 28.549999999999997], [76.86, 28.574999999999996], [76.83, 28.574999999999996], [76.83, 28.549999999999997]]]}",Crops
4.0,"{""geodesic"": false, ""type"": ""Polygon"", ""coordinates"": [[[76.86, 28.549999999999997], [76.89, 28.549999999999997], [76.89, 28.574999999999996], [76.86, 28.574999999999996], [76.86, 28.549999999999997]]]}",Crops
4.0,"{""geodesic"": false, ""type"": ""Polygon"", ""coordinates"": [[[76.89, 28.549999999999997], [76.92, 28.549999999999997], [76.92, 28.574999999999996], [76.89, 28.574999999999996], [76.89, 28.549999999999997]]]}",Crops
4.0,"{""geodesic"": false, ""type"": ""Polygon"", ""coordinates"": [[[76.92, 28.549999999999997], [76.95, 28.549999999999997], [76.95, 28.574999999999996], [76.92, 28.574999999999996], [76.92, 28.549999999999997]]]}",Crops
4.0,"{""geodesic"": false, ""type"": ""Polygon"", ""coordinates"": [[[76.95, 28.549999999999997], [76.98, 28.549999999999997], [76.98, 28.574999999999996], [76.95, 28.574999999999996], [76.95, 28.549999999999997]]]}",Crops
4.0,"{""geodesic"": false, ""type"": ""Polygon"", ""coordinates"": [[[76.98, 28.549999999999997], [77.01, 28.549999999999997], [77.01, 28.574999999999996], [76.98, 28.574999999999996], [76.98, 28.549999999999997]]]}",Crops
5.9999999999999485,"{""geodesic"": false, ""type"": ""Polygon"", ""coordinates"": [[[77.01, 28.549999999999997], [77.04, 28.549999999999997], [77.04, 28.574999999999996], [77.01, 28.574999999999996], [77.01, 28.549999999999997]]]}",
6.00000000000004,"{""geodesic"": false, ""type"": ""Polygon"", ""coordinates"": [[[77.04, 28.549999999999997], [77.07000000000001, 28.549999999999997], [77.07000000000001, 28.574999999999996], [77.04, 28.574999999999996], [77.04, 28.549999999999997]]]}",
6.0000000000000435,"{""geodesic"": false, ""type"": ""Polygon"", ""coordinates"": [[[77.07000000000001, 28.549999999999997], [77.10000000000001, 28.549999999999997], [77.10000000000001, 28.574999999999996], [77.07000000000001, 28.574999999999996], [77.07000000000001, 28.549999999999997]]]}",
6.654891492095935,"{""geodesic"": false, ""type"": ""Polygon"", ""coordinates"": [[[77.1, 28.549999999999997], [77.13, 28.549999999999997], [77.13, 28.574999999999996], [77.1, 28.574999999999996], [77.1, 28.549999999999997]]]}",
6.0,"{""geodesic"": false, ""type"": ""Polygon"", ""coordinates"": [[[77.13, 28.549999999999997], [77.16, 28.549999999999997], [77.16, 28.574999999999996], [77.13, 28.574999999999996], [77.13, 28.549999999999997]]]}",Built area
6.0,"{""geodesic"": false, ""type"": ""Polygon"", ""coordinates"": [[[77.16, 28.549999999999997], [77.19, 28.549999999999997], [77.19, 28.574999999999996], [77.16, 28.574999999999996], [77.16, 28.549999999999997]]]}",Built area
6.0,"{""geodesic"": false, ""type"": ""Polygon"", ""coordinates"": [[[77.19, 28.549999999999997], [77.22, 28.549999999999997], [77.22, 28.574999999999996], [77.19, 28.574999999999996], [77.19, 28.549999999999997]]]}",Built area
6.000000000000065,"{""geodesic"": false, ""type"": ""Polygon"", ""coordinates"": [[[77.22, 28.549999999999997], [77.25, 28.549999999999997], [77.25, 28.574999999999996], [77.22, 28.574999999999996], [77.22, 28.549999999999997]]]}",
6.0,"{""geodesic"": false, ""type"": ""Polygon"", ""coordinates"": [[[77.25, 28.549999999999997], [77.28, 28.549999999999997], [77.28, 28.574999999999996], [77.25, 28.574999999999996], [77.25, 28.549999999999997]]]}",Built area
5.999999999999997,"{""geodesic"": false, ""type"": ""Polygon"", ""coordinates"": [[[77.28, 28.549999999999997], [77.31, 28.549999999999997], [77.31, 28.574999999999996], [77.28, 28.574999999999996], [77.28, 28.549999999999997]]]}",
6.000000000000015,"{""geodesic"": false, ""type"": ""Polygon"", ""coordinates"": [[[77.31, 28.549999999999997], [77.34, 28.549999999999997], [77.34, 28.574999999999996], [77.31, 28.574999999999996], [77.31, 28.549999999999997]]]}",
6.000000000000103,"{""geodesic"": false, ""type"": ""Polygon"", ""coordinates"": [[[77.34, 28.549999999999997], [77.37, 28.549999999999997], [77.37, 28.574999999999996], [77.34, 28.574999999999996], [77.34, 28.549999999999997]]]}",
6.0000000000000835,"{""geodesic"": false, ""type"": ""Polygon"", ""coordinates"": [[[77.37, 28.549999999999997], [77.4, 28.549999999999997], [77.4, 28.574999999999996], [77.37, 28.574999999999996], [77.37, 28.549999999999997]]]}",
6.00000000000001,"{""geodesic"": false, ""type"": ""Polygon"", ""coordinates"": [[[77.4, 28.549999999999997], [77.43, 28.549999999999997], [77.43, 28.574999999999996], [77.4, 28.574999999999996], [77.4, 28.549999999999997]]]}",
4.0,"{""geodesic"": false, ""type"": ""Polygon"", ""coordinates"": [[[76.8, 28.575], [76.83, 28.575], [76.83, 28.599999999999998], [76.8, 28.599999999999998], [76.8, 28.575]]]}",Crops
4.0,"{""geodesic"": false, ""type"": ""Polygon"", ""coordinates"": [[[76.83, 28.575], [76.86, 28.575], [76.86, 28.599999999999998], [76.83, 28.599999999999998], [76.83, 28.575]]]}",Crops
4.0,"{""geodesic"": false, ""type"": ""Polygon"", ""coordinates"": [[[76.86, 28.575], [76.89, 28.575], [76.89, 28.599999999999998], [76.86, 28.599999999999998], [76.86, 28.575]]]}",Crops
4.0,"{""geodesic"": false, ""type"": ""Polygon"", ""coordinates"": [[[76.89, 28.575], [76.92, 28.575], [76.92, 28.599999999999998], [76.89, 28.599999999999998], [76.89, 28.575]]]}",Crops
4.0,"{""geodesic"": false, ""type"": ""Polygon"", ""coordinates"": [[[76.92, 28.575], [76.95, 28.575], [76.95, 28.599999999999998], [76.92, 28.599999999999998], [76.92, 28.575]]]}",Crops
4.0,"{""geodesic"": false, ""type"": ""Polygon"", ""coordinates"": [[[76.95, 28.575], [76.98, 28.575], [76.98, 28.599999999999998], [76.95, 28.599999999999998], [76.95, 28.575]]]}",Crops
5.999999999999921,"{""geodesic"": false, ""type"": ""Polygon"", ""coordinates"": [[[76.98, 28.575], [77.01, 28.575], [77.01, 28.599999999999998], [76.98, 28.599999999999998], [76.98, 28.575]]]}",
5.999999999999945,"{""geodesic"": false, ""type"": ""Polygon"", ""coordinates"": [[[77.01, 28.575], [77.04, 28.575], [77.04, 28.599999999999998], [77.01, 28.599999999999998], [77.01, 28.575]]]}",
5.999999999999965,"{""geodesic"": false, ""type"": ""Polygon"", ""coordinates"": [[[77.04, 28.575], [77.07000000000001, 28.575], [77.07000000000001, 28.599999999999998], [77.04, 28.599999999999998], [77.04, 28.575]]]}",
6.000000000000004,"{""geodesic"": false, ""type"": ""Polygon"", ""coordinates"": [[[77.07000000000001, 28.575], [77.10000000000001, 28.575], [77.10000000000001, 28.599999999999998], [77.07000000000001, 28.599999999999998], [77.07000000000001, 28.575]]]}",
6.000000000000009,"{""geodesic"": false, ""type"": ""Polygon"", ""coordinates"": [[[77.1, 28.575], [77.13, 28.575], [77.13, 28.599999999999998], [77.1, 28.599999999999998], [77.1, 28.575]]]}",
5.999999999999995,"{""geodesic"": false, ""type"": ""Polygon"", ""coordinates"": [[[77.13, 28.575], [77.16, 28.575], [77.16, 28.599999999999998], [77.13, 28.599999999999998], [77.13, 28.575]]]}",
5.9999999999999645,"{""geodesic"": false, ""type"": ""Polygon"", ""coordinates"": [[[77.16, 28.575], [77.19, 28.575], [77.19, 28.599999999999998], [77.16, 28.599999999999998], [77.16, 28.575]]]}",
6.000000000000015,"{""geodesic"": false, ""type"": ""Polygon"", ""coordinates"": [[[77.19, 28.575], [77.22, 28.575], [77.22, 28.599999999999998], [77.19, 28.599999999999998], [77.19, 28.575]]]}",
5.99999999999999,"{""geodesic"": false, ""type"": ""Polygon"", ""coordinates"": [[[77.22, 28.575], [77.25, 28.575], [77.25, 28.599999999999998], [77.22, 28.599999999999998], [77.22, 28.575]]]}",
5.999999999999985,"{""geodesic"": false, ""type"": ""Polygon"", ""coordinates"": [[[77.25, 28.575], [77.28, 28.575], [77.28, 28.599999999999998], [77.25, 28.599999999999998], [77.25, 28.575]]]}",
5.999999999999969,"{""geodesic"": false, ""type"": ""Polygon"", ""coordinates"": [[[77.28, 28.575], [77.31, 28.575], [77.31, 28.599999999999998], [77.28, 28.599999999999998], [77.28, 28.575]]]}",
6.0,"{""geodesic"": false, ""type"": ""Polygon"", ""coordinates"": [[[77.31, 28.575], [77.34, 28.575], [77.34, 28.599999999999998], [77.31, 28.599999999999998], [77.31, 28.575]]]}",Built area
6.000000000000021,"{""geodesic"": false, ""type"": ""Polygon"", ""coordinates"": [[[77.34, 28.575], [77.37, 28.575], [77.37, 28.599999999999998], [77.34, 28.599999999999998], [77.34, 28.575]]]}",
6.0,"{""geodesic"": false, ""type"": ""Polygon"", ""coordinates"": [[[77.37, 28.575], [77.4, 28.575], [77.4, 28.599999999999998], [77.37, 28.599999999999998], [77.37, 28.575]]]}",Built area
5.999999999999922,"{""geodesic"": false, ""type"": ""Polygon"", ""coordinates"": [[[77.4, 28.575], [77.43, 28.575], [77.43, 28.599999999999998], [77.4, 28.599999999999998], [77.4, 28.575]]]}",
4.0,"{""geodesic"": false, ""type"": ""Polygon"", ""coordinates"": [[[76.8, 28.599999999999998], [76.83, 28.599999999999998], [76.83, 28.624999999999996], [76.8, 28.624999999999996], [76.8, 28.599999999999998]]]}",Crops
4.0,"{""geodesic"": false, ""type"": ""Polygon"", ""coordinates"": [[[76.83, 28.599999999999998], [76.86, 28.599999999999998], [76.86, 28.624999999999996], [76.83, 28.624999999999996], [76.83, 28.599999999999998]]]}",Crops
4.0,"{""geodesic"": false, ""type"": ""Polygon"", ""coordinates"": [[[76.86, 28.599999999999998], [76.89, 28.599999999999998], [76.89, 28.624999999999996], [76.86, 28.624999999999996], [76.86, 28.599999999999998]]]}",Crops
4.0,"{""geodesic"": false, ""type"": ""Polygon"", ""coordinates"": [[[76.89, 28.599999999999998], [76.92, 28.599999999999998], [76.92, 28.624999999999996], [76.89, 28.624999999999996], [76.89, 28.599999999999998]]]}",Crops
4.0,"{""geodesic"": false, ""type"": ""Polygon"", ""coordinates"": [[[76.92, 28.599999999999998], [76.95, 28.599999999999998], [76.95, 28.624999999999996], [76.92, 28.624999999999996], [76.92, 28.599999999999998]]]}",Crops
5.999999999999993,"{""geodesic"": false, ""type"": ""Polygon"", ""coordinates"": [[[76.95, 28.599999999999998], [76.98, 28.599999999999998], [76.98, 28.624999999999996], [76.95, 28.624999999999996], [76.95, 28.599999999999998]]]}",
6.000000000000016,"{""geodesic"": false, ""type"": ""Polygon"", ""coordinates"": [[[76.98, 28.599999999999998], [77.01, 28.599999999999998], [77.01, 28.624999999999996], [76.98, 28.624999999999996], [76.98, 28.599999999999998]]]}",
6.000000000000003,"{""geodesic"": false, ""type"": ""Polygon"", ""coordinates"": [[[77.01, 28.599999999999998], [77.04, 28.599999999999998], [77.04, 28.624999999999996], [77.01, 28.624999999999996], [77.01, 28.599999999999998]]]}",
5.999999999999969,"{""geodesic"": false, ""type"": ""Polygon"", ""coordinates"": [[[77.04, 28.599999999999998], [77.07000000000001, 28.599999999999998], [77.07000000000001, 28.624999999999996], [77.04, 28.624999999999996], [77.04, 28.599999999999998]]]}",
6.000000000000008,"{""geodesic"": false, ""type"": ""Polygon"", ""coordinates"": [[[77.07000000000001, 28.599999999999998], [77.10000000000001, 28.599999999999998], [77.10000000000001, 28.624999999999996], [77.07000000000001, 28.624999999999996], [77.07000000000001, 28.599999999999998]]]}",
6.000000000000009,"{""geodesic"": false, ""type"": ""Polygon"", ""coordinates"": [[[77.1, 28.599999999999998], [77.13, 28.599999999999998], [77.13, 28.624999999999996], [77.1, 28.624999999999996], [77.1, 28.599999999999998]]]}",
5.999999999999995,"{""geodesic"": false, ""type"": ""Polygon"", ""coordinates"": [[[77.13, 28.599999999999998], [77.16, 28.599999999999998], [77.16, 28.624999999999996], [77.13, 28.624999999999996], [77.13, 28.599999999999998]]]}",
1.0,"{""geodesic"": false, ""type"": ""Polygon"", ""coordinates"": [[[77.16, 28.599999999999998], [77.19, 28.599999999999998], [77.19, 28.624999999999996], [77.16, 28.624999999999996], [77.16, 28.599999999999998]]]}",Trees
6.0,"{""geodesic"": false, ""type"": ""Polygon"", ""coordinates"": [[[77.19, 28.599999999999998], [77.22, 28.599999999999998], [77.22, 28.624999999999996], [77.19, 28.624999999999996], [77.19, 28.599999999999998]]]}",Built area
5.999999999999984,"{""geodesic"": false, ""type"": ""Polygon"", ""coordinates"": [[[77.22, 28.599999999999998], [77.25, 28.599999999999998], [77.25, 28.624999999999996], [77.22, 28.624999999999996], [77.22, 28.599999999999998]]]}",
6.0000000000000115,"{""geodesic"": false, ""type"": ""Polygon"", ""coordinates"": [[[77.25, 28.599999999999998], [77.28, 28.599999999999998], [77.28, 28.624999999999996], [77.25, 28.624999999999996], [77.25, 28.599999999999998]]]}",
6.003697836450956,"{""geodesic"": false, ""type"": ""Polygon"", ""coordinates"": [[[77.28, 28.599999999999998], [77.31, 28.599999999999998], [77.31, 28.624999999999996], [77.28, 28.624999999999996], [77.28, 28.599999999999998]]]}",
5.999999999999994,"{""geodesic"": false, ""type"": ""Polygon"", ""coordinates"": [[[77.31, 28.599999999999998], [77.34, 28.599999999999998], [77.34, 28.624999999999996], [77.31, 28.624999999999996], [77.31, 28.599999999999998]]]}",
6.000000000000019,"{""geodesic"": false, ""type"": ""Polygon"", ""coordinates"": [[[77.34, 28.599999999999998], [77.37, 28.599999999999998], [77.37, 28.624999999999996], [77.34, 28.624999999999996], [77.34, 28.599999999999998]]]}",
6.0,"{""geodesic"": false, ""type"": ""Polygon"", ""coordinates"": [[[77.37, 28.599999999999998], [77.4, 28.599999999999998], [77.4, 28.624999999999996], [77.37, 28.624999999999996], [77.37, 28.599999999999998]]]}",Built area
5.99999999999999,"{""geodesic"": false, ""type"": ""Polygon"", ""coordinates"": [[[77.4, 28.599999999999998], [77.43, 28.599999999999998], [77.43, 28.624999999999996], [77.4, 28.624999999999996], [77.4, 28.599999999999998]]]}",
4.0,"{""geodesic"": false, ""type"": ""Polygon"", ""coordinates"": [[[76.8, 28.625], [76.83, 28.625], [76.83, 28.65], [76.8, 28.65], [76.8, 28.625]]]}",Crops
4.0,"{""geodesic"": false, ""type"": ""Polygon"", ""coordinates"": [[[76.83, 28.625], [76.86, 28.625], [76.86, 28.65], [76.83, 28.65], [76.83, 28.625]]]}",Crops
4.0,"{""geodesic"": false, ""type"": ""Polygon"", ""coordinates"": [[[76.86, 28.625], [76.89, 28.625], [76.89, 28.65], [76.86, 28.65], [76.86, 28.625]]]}",Crops
4.0,"{""geodesic"": false, ""type"": ""Polygon"", ""coordinates"": [[[76.89, 28.625], [76.92, 28.625], [76.92, 28.65], [76.89, 28.65], [76.89, 28.625]]]}",Crops
4.0,"{""geodesic"": false, ""type"": ""Polygon"", ""coordinates"": [[[76.92, 28.625], [76.95, 28.625], [76.95, 28.65], [76.92, 28.65], [76.92, 28.625]]]}",Crops
5.999999999999985,"{""geodesic"": false, ""type"": ""Polygon"", ""coordinates"": [[[76.95, 28.625], [76.98, 28.625], [76.98, 28.65], [76.95, 28.65], [76.95, 28.625]]]}",
4.0,"{""geodesic"": false, ""type"": ""Polygon"", ""coordinates"": [[[76.98, 28.625], [77.01, 28.625], [77.01, 28.65], [76.98, 28.65], [76.98, 28.625]]]}",Crops
5.999999999999985,"{""geodesic"": false, ""type"": ""Polygon"", ""coordinates"": [[[77.01, 28.625], [77.04, 28.625], [77.04, 28.65], [77.01, 28.65], [77.01, 28.625]]]}",
5.999999999999935,"{""geodesic"": false, ""type"": ""Polygon"", ""coordinates"": [[[77.04, 28.625], [77.07000000000001, 28.625], [77.07000000000001, 28.65], [77.04, 28.65], [77.04, 28.625]]]}",
5.999999999999966,"{""geodesic"": false, ""type"": ""Polygon"", ""coordinates"": [[[77.07000000000001, 28.625], [77.10000000000001, 28.625], [77.10000000000001, 28.65], [77.07000000000001, 28.65], [77.07000000000001, 28.625]]]}",
5.99999999999997,"{""geodesic"": false, ""type"": ""Polygon"", ""coordinates"": [[[77.1, 28.625], [77.13, 28.625], [77.13, 28.65], [77.1, 28.65], [77.1, 28.625]]]}",
6.0,"{""geodesic"": false, ""type"": ""Polygon"", ""coordinates"": [[[77.13, 28.625], [77.16, 28.625], [77.16, 28.65], [77.13, 28.65], [77.13, 28.625]]]}",Built area
6.000000000000032,"{""geodesic"": false, ""type"": ""Polygon"", ""coordinates"": [[[77.16, 28.625], [77.19, 28.625], [77.19, 28.65], [77.16, 28.65], [77.16, 28.625]]]}",
5.9999999999999725,"{""geodesic"": false, ""type"": ""Polygon"", ""coordinates"": [[[77.19, 28.625], [77.22, 28.625], [77.22, 28.65], [77.19, 28.65], [77.19, 28.625]]]}",
5.999999999999941,"{""geodesic"": false, ""type"": ""Polygon"", ""coordinates"": [[[77.22, 28.625], [77.25, 28.625], [77.25, 28.65], [77.22, 28.65], [77.22, 28.625]]]}",
6.000000000000021,"{""geodesic"": false, ""type"": ""Polygon"", ""coordinates"": [[[77.25, 28.625], [77.28, 28.625], [77.28, 28.65], [77.25, 28.65], [77.25, 28.625]]]}",
5.999999999999931,"{""geodesic"": false, ""type"": ""Polygon"", ""coordinates"": [[[77.28, 28.625], [77.31, 28.625], [77.31, 28.65], [77.28, 28.65], [77.28, 28.625]]]}",
5.999999999999953,"{""geodesic"": false, ""type"": ""Polygon"", ""coordinates"": [[[77.31, 28.625], [77.34, 28.625], [77.34, 28.65], [77.31, 28.65], [77.31, 28.625]]]}",
5.99999999999998,"{""geodesic"": false, ""type"": ""Polygon"", ""coordinates"": [[[77.34, 28.625], [77.37, 28.625], [77.37, 28.65], [77.34, 28.65], [77.34, 28.625]]]}",
5.999999999999961,"{""geodesic"": false, ""type"": ""Polygon"", ""coordinates"": [[[77.37, 28.625], [77.4, 28.625], [77.4, 28.65], [77.37, 28.65], [77.37, 28.625]]]}",
6.014492042160911,"{""geodesic"": false, ""type"": ""Polygon"", ""coordinates"": [[[77.4, 28.625], [77.43, 28.625], [77.43, 28.65], [77.4, 28.65], [77.4, 28.625]]]}",
4.0,"{""geodesic"": false, ""type"": ""Polygon"", ""coordinates"": [[[76.8, 28.65], [76.83, 28.65], [76.83, 28.674999999999997], [76.8, 28.674999999999997], [76.8, 28.65]]]}",Crops
4.0,"{""geodesic"": false, ""type"": ""Polygon"", ""coordinates"": [[[76.83, 28.65], [76.86, 28.65], [76.86, 28.674999999999997], [76.83, 28.674999999999997], [76.83, 28.65]]]}",Crops
4.0,"{""geodesic"": false, ""type"": ""Polygon"", ""coordinates"": [[[76.86, 28.65], [76.89, 28.65], [76.89, 28.674999999999997], [76.86, 28.674999999999997], [76.86, 28.65]]]}",Crops
4.0,"{""geodesic"": false, ""type"": ""Polygon"", ""coordinates"": [[[76.89, 28.65], [76.92, 28.65], [76.92, 28.674999999999997], [76.89, 28.674999999999997], [76.89, 28.65]]]}",Crops
4.0,"{""geodesic"": false, ""type"": ""Polygon"", ""coordinates"": [[[76.92, 28.65], [76.95, 28.65], [76.95, 28.674999999999997], [76.92, 28.674999999999997], [76.92, 28.65]]]}",Crops
4.0,"{""geodesic"": false, ""type"": ""Polygon"", ""coordinates"": [[[76.95, 28.65], [76.98, 28.65], [76.98, 28.674999999999997], [76.95, 28.674999999999997], [76.95, 28.65]]]}",Crops
4.0,"{""geodesic"": false, ""type"": ""Polygon"", ""coordinates"": [[[76.98, 28.65], [77.01, 28.65], [77.01, 28.674999999999997], [76.98, 28.674999999999997], [76.98, 28.65]]]}",Crops
5.999999999999955,"{""geodesic"": false, ""type"": ""Polygon"", ""coordinates"": [[[77.01, 28.65], [77.04, 28.65], [77.04, 28.674999999999997], [77.01, 28.674999999999997], [77.01, 28.65]]]}",
5.999999999999943,"{""geodesic"": false, ""type"": ""Polygon"", ""coordinates"": [[[77.04, 28.65], [77.07000000000001, 28.65], [77.07000000000001, 28.674999999999997], [77.04, 28.674999999999997], [77.04, 28.65]]]}",
5.999999999999963,"{""geodesic"": false, ""type"": ""Polygon"", ""coordinates"": [[[77.07000000000001, 28.65], [77.10000000000001, 28.65], [77.10000000000001, 28.674999999999997], [77.07000000000001, 28.674999999999997], [77.07000000000001, 28.65]]]}",
5.999999999999968,"{""geodesic"": false, ""type"": ""Polygon"", ""coordinates"": [[[77.1, 28.65], [77.13, 28.65], [77.13, 28.674999999999997], [77.1, 28.674999999999997], [77.1, 28.65]]]}",
5.999999999999963,"{""geodesic"": false, ""type"": ""Polygon"", ""coordinates"": [[[77.13, 28.65], [77.16, 28.65], [77.16, 28.674999999999997], [77.13, 28.674999999999997], [77.13, 28.65]]]}",
5.999999999999965,"{""geodesic"": false, ""type"": ""Polygon"", ""coordinates"": [[[77.16, 28.65], [77.19, 28.65], [77.19, 28.674999999999997], [77.16, 28.674999999999997], [77.16, 28.65]]]}",
5.999999999999982,"{""geodesic"": false, ""type"": ""Polygon"", ""coordinates"": [[[77.19, 28.65], [77.22, 28.65], [77.22, 28.674999999999997], [77.19, 28.674999999999997], [77.19, 28.65]]]}",
5.999999999999956,"{""geodesic"": false, ""type"": ""Polygon"", ""coordinates"": [[[77.22, 28.65], [77.25, 28.65], [77.25, 28.674999999999997], [77.22, 28.674999999999997], [77.22, 28.65]]]}",
5.9999999999999645,"{""geodesic"": false, ""type"": ""Polygon"", ""coordinates"": [[[77.25, 28.65], [77.28, 28.65], [77.28, 28.674999999999997], [77.25, 28.674999999999997], [77.25, 28.65]]]}",
5.9999999999999325,"{""geodesic"": false, ""type"": ""Polygon"", ""coordinates"": [[[77.28, 28.65], [77.31, 28.65], [77.31, 28.674999999999997], [77.28, 28.674999999999997], [77.28, 28.65]]]}",
5.999999999999953,"{""geodesic"": false, ""type"": ""Polygon"", ""coordinates"": [[[77.31, 28.65], [77.34, 28.65], [77.34, 28.674999999999997], [77.31, 28.674999999999997], [77.31, 28.65]]]}",
5.999999999999977,"{""geodesic"": false, ""type"": ""Polygon"", ""coordinates"": [[[77.34, 28.65], [77.37, 28.65], [77.37, 28.674999999999997], [77.34, 28.674999999999997], [77.34, 28.65]]]}",
5.999999999999954,"{""geodesic"": false, ""type"": ""Polygon"", ""coordinates"": [[[77.37, 28.65], [77.4, 28.65], [77.4, 28.674999999999997], [77.37, 28.674999999999997], [77.37, 28.65]]]}",
5.999999999999949,"{""geodesic"": false, ""type"": ""Polygon"", ""coordinates"": [[[77.4, 28.65], [77.43, 28.65], [77.43, 28.674999999999997], [77.4, 28.674999999999997], [77.4, 28.65]]]}",
4.0,"{""geodesic"": false, ""type"": ""Polygon"", ""coordinates"": [[[76.8, 28.674999999999997], [76.83, 28.674999999999997], [76.83, 28.699999999999996], [76.8, 28.699999999999996], [76.8, 28.674999999999997]]]}",Crops
4.0,"{""geodesic"": false, ""type"": ""Polygon"", ""coordinates"": [[[76.83, 28.674999999999997], [76.86, 28.674999999999997], [76.86, 28.699999999999996], [76.83, 28.699999999999996], [76.83, 28.674999999999997]]]}",Crops
4.0,"{""geodesic"": false, ""type"": ""Polygon"", ""coordinates"": [[[76.86, 28.674999999999997], [76.89, 28.674999999999997], [76.89, 28.699999999999996], [76.86, 28.699999999999996], [76.86, 28.674999999999997]]]}",Crops
5.999999999999972,"{""geodesic"": false, ""type"": ""Polygon"", ""coordinates"": [[[76.89, 28.674999999999997], [76.92, 28.674999999999997], [76.92, 28.699999999999996], [76.89, 28.699999999999996], [76.89, 28.674999999999997]]]}",
5.999999999999983,"{""geodesic"": false, ""type"": ""Polygon"", ""coordinates"": [[[76.92, 28.674999999999997], [76.95, 28.674999999999997], [76.95, 28.699999999999996], [76.92, 28.699999999999996], [76.92, 28.674999999999997]]]}",
5.999999999999946,"{""geodesic"": false, ""type"": ""Polygon"", ""coordinates"": [[[76.95, 28.674999999999997], [76.98, 28.674999999999997], [76.98, 28.699999999999996], [76.95, 28.699999999999996], [76.95, 28.674999999999997]]]}",
5.999999999999985,"{""geodesic"": false, ""type"": ""Polygon"", ""coordinates"": [[[76.98, 28.674999999999997], [77.01, 28.674999999999997], [77.01, 28.699999999999996], [76.98, 28.699999999999996], [76.98, 28.674999999999997]]]}",
5.999999999999994,"{""geodesic"": false, ""type"": ""Polygon"", ""coordinates"": [[[77.01, 28.674999999999997], [77.04, 28.674999999999997], [77.04, 28.699999999999996], [77.01, 28.699999999999996], [77.01, 28.674999999999997]]]}",
5.999999999999939,"{""geodesic"": false, ""type"": ""Polygon"", ""coordinates"": [[[77.04, 28.674999999999997], [77.07000000000001, 28.674999999999997], [77.07000000000001, 28.699999999999996], [77.04, 28.699999999999996], [77.04, 28.674999999999997]]]}",
5.999999999999961,"{""geodesic"": false, ""type"": ""Polygon"", ""coordinates"": [[[77.07000000000001, 28.674999999999997], [77.10000000000001, 28.674999999999997], [77.10000000000001, 28.699999999999996], [77.07000000000001, 28.699999999999996], [77.07000000000001, 28.674999999999997]]]}",
5.999999999999966,"{""geodesic"": false, ""type"": ""Polygon"", ""coordinates"": [[[77.1, 28.674999999999997], [77.13, 28.674999999999997], [77.13, 28.699999999999996], [77.1, 28.699999999999996], [77.1, 28.674999999999997]]]}",
5.999999999999964,"{""geodesic"": false, ""type"": ""Polygon"", ""coordinates"": [[[77.13, 28.674999999999997], [77.16, 28.674999999999997], [77.16, 28.699999999999996], [77.13, 28.699999999999996], [77.13, 28.674999999999997]]]}",
5.999999999999959,"{""geodesic"": false, ""type"": ""Polygon"", ""coordinates"": [[[77.16, 28.674999999999997], [77.19, 28.674999999999997], [77.19, 28.699999999999996], [77.16, 28.699999999999996], [77.16, 28.674999999999997]]]}",
5.999999999999978,"{""geodesic"": false, ""type"": ""Polygon"", ""coordinates"": [[[77.19, 28.674999999999997], [77.22, 28.674999999999997], [77.22, 28.699999999999996], [77.19, 28.699999999999996], [77.19, 28.674999999999997]]]}",
1.0,"{""geodesic"": false, ""type"": ""Polygon"", ""coordinates"": [[[77.22, 28.674999999999997], [77.25, 28.674999999999997], [77.25, 28.699999999999996], [77.22, 28.699999999999996], [77.22, 28.674999999999997]]]}",Trees
5.999999999999964,"{""geodesic"": false, ""type"": ""Polygon"", ""coordinates"": [[[77.25, 28.674999999999997], [77.28, 28.674999999999997], [77.28, 28.699999999999996], [77.25, 28.699999999999996], [77.25, 28.674999999999997]]]}",
5.999999999999935,"{""geodesic"": false, ""type"": ""Polygon"", ""coordinates"": [[[77.28, 28.674999999999997], [77.31, 28.674999999999997], [77.31, 28.699999999999996], [77.28, 28.699999999999996], [77.28, 28.674999999999997]]]}",
5.999999999999952,"{""geodesic"": false, ""type"": ""Polygon"", ""coordinates"": [[[77.31, 28.674999999999997], [77.34, 28.674999999999997], [77.34, 28.699999999999996], [77.31, 28.699999999999996], [77.31, 28.674999999999997]]]}",
5.999999999999987,"{""geodesic"": false, ""type"": ""Polygon"", ""coordinates"": [[[77.34, 28.674999999999997], [77.37, 28.674999999999997], [77.37, 28.699999999999996], [77.34, 28.699999999999996], [77.34, 28.674999999999997]]]}",
5.999999999999989,"{""geodesic"": false, ""type"": ""Polygon"", ""coordinates"": [[[77.37, 28.674999999999997], [77.4, 28.674999999999997], [77.4, 28.699999999999996], [77.37, 28.699999999999996], [77.37, 28.674999999999997]]]}",
5.999999999999952,"{""geodesic"": false, ""type"": ""Polygon"", ""coordinates"": [[[77.4, 28.674999999999997], [77.43, 28.674999999999997], [77.43, 28.699999999999996], [77.4, 28.699999999999996], [77.4, 28.674999999999997]]]}",
4.0,"{""geodesic"": false, ""type"": ""Polygon"", ""coordinates"": [[[76.8, 28.7], [76.83, 28.7], [76.83, 28.724999999999998], [76.8, 28.724999999999998], [76.8, 28.7]]]}",Crops
4.0,"{""geodesic"": false, ""type"": ""Polygon"", ""coordinates"": [[[76.83, 28.7], [76.86, 28.7], [76.86, 28.724999999999998], [76.83, 28.724999999999998], [76.83, 28.7]]]}",Crops
6.000000000000008,"{""geodesic"": false, ""type"": ""Polygon"", ""coordinates"": [[[76.86, 28.7], [76.89, 28.7], [76.89, 28.724999999999998], [76.86, 28.724999999999998], [76.86, 28.7]]]}",
4.0,"{""geodesic"": false, ""type"": ""Polygon"", ""coordinates"": [[[76.89, 28.7], [76.92, 28.7], [76.92, 28.724999999999998], [76.89, 28.724999999999998], [76.89, 28.7]]]}",Crops
6.000000000000006,"{""geodesic"": false, ""type"": ""Polygon"", ""coordinates"": [[[76.92, 28.7], [76.95, 28.7], [76.95, 28.724999999999998], [76.92, 28.724999999999998], [76.92, 28.7]]]}",
4.0,"{""geodesic"": false, ""type"": ""Polygon"", ""coordinates"": [[[76.95, 28.7], [76.98, 28.7], [76.98, 28.724999999999998], [76.95, 28.724999999999998], [76.95, 28.7]]]}",Crops
4.0,"{""geodesic"": false, ""type"": ""Polygon"", ""coordinates"": [[[76.98, 28.7], [77.01, 28.7], [77.01, 28.724999999999998], [76.98, 28.724999999999998], [76.98, 28.7]]]}",Crops
4.0,"{""geodesic"": false, ""type"": ""Polygon"", ""coordinates"": [[[77.01, 28.7], [77.04, 28.7], [77.04, 28.724999999999998], [77.01, 28.724999999999998], [77.01, 28.7]]]}",Crops
6.000000000000008,"{""geodesic"": false, ""type"": ""Polygon"", ""coordinates"": [[[77.04, 28.7], [77.07000000000001, 28.7], [77.07000000000001, 28.724999999999998], [77.04, 28.724999999999998], [77.04, 28.7]]]}",
6.000000000000022,"{""geodesic"": false, ""type"": ""Polygon"", ""coordinates"": [[[77.07000000000001, 28.7], [77.10000000000001, 28.7], [77.10000000000001, 28.724999999999998], [77.07000000000001, 28.724999999999998], [77.07000000000001, 28.7]]]}",
5.999999999999983,"{""geodesic"": false, ""type"": ""Polygon"", ""coordinates"": [[[77.1, 28.7], [77.13, 28.7], [77.13, 28.724999999999998], [77.1, 28.724999999999998], [77.1, 28.7]]]}",
5.999999999999955,"{""geodesic"": false, ""type"": ""Polygon"", ""coordinates"": [[[77.13, 28.7], [77.16, 28.7], [77.16, 28.724999999999998], [77.13, 28.724999999999998], [77.13, 28.7]]]}",
5.999999999999961,"{""geodesic"": false, ""type"": ""Polygon"", ""coordinates"": [[[77.16, 28.7], [77.19, 28.7], [77.19, 28.724999999999998], [77.16, 28.724999999999998], [77.16, 28.7]]]}",
6.00000000000004,"{""geodesic"": false, ""type"": ""Polygon"", ""coordinates"": [[[77.19, 28.7], [77.22, 28.7], [77.22, 28.724999999999998], [77.19, 28.724999999999998], [77.19, 28.7]]]}",
6.000000000000002,"{""geodesic"": false, ""type"": ""Polygon"", ""coordinates"": [[[77.22, 28.7], [77.25, 28.7], [77.25, 28.724999999999998], [77.22, 28.724999999999998], [77.22, 28.7]]]}",
6.000000000000029,"{""geodesic"": false, ""type"": ""Polygon"", ""coordinates"": [[[77.25, 28.7], [77.28, 28.7], [77.28, 28.724999999999998], [77.25, 28.724999999999998], [77.25, 28.7]]]}",
6.0,"{""geodesic"": false, ""type"": ""Polygon"", ""coordinates"": [[[77.28, 28.7], [77.31, 28.7], [77.31, 28.724999999999998], [77.28, 28.724999999999998], [77.28, 28.7]]]}",Built area
5.999999999999962,"{""geodesic"": false, ""type"": ""Polygon"", ""coordinates"": [[[77.31, 28.7], [77.34, 28.7], [77.34, 28.724999999999998], [77.31, 28.724999999999998], [77.31, 28.7]]]}",
4.0,"{""geodesic"": false, ""type"": ""Polygon"", ""coordinates"": [[[77.34, 28.7], [77.37, 28.7], [77.37, 28.724999999999998], [77.34, 28.724999999999998], [77.34, 28.7]]]}",Crops
4.0,"{""geodesic"": false, ""type"": ""Polygon"", ""coordinates"": [[[77.37, 28.7], [77.4, 28.7], [77.4, 28.724999999999998], [77.37, 28.724999999999998], [77.37, 28.7]]]}",Crops
6.0,"{""geodesic"": false, ""type"": ""Polygon"", ""coordinates"": [[[77.4, 28.7], [77.43, 28.7], [77.43, 28.724999999999998], [77.4, 28.724999999999998], [77.4, 28.7]]]}",Built area
4.0,"{""geodesic"": false, ""type"": ""Polygon"", ""coordinates"": [[[76.8, 28.724999999999998], [76.83, 28.724999999999998], [76.83, 28.749999999999996], [76.8, 28.749999999999996], [76.8, 28.724999999999998]]]}",Crops
4.0,"{""geodesic"": false, ""type"": ""Polygon"", ""coordinates"": [[[76.83, 28.724999999999998], [76.86, 28.724999999999998], [76.86, 28.749999999999996], [76.83, 28.749999999999996], [76.83, 28.724999999999998]]]}",Crops
4.0,"{""geodesic"": false, ""type"": ""Polygon"", ""coordinates"": [[[76.86, 28.724999999999998], [76.89, 28.724999999999998], [76.89, 28.749999999999996], [76.86, 28.749999999999996], [76.86, 28.724999999999998]]]}",Crops
4.0,"{""geodesic"": false, ""type"": ""Polygon"", ""coordinates"": [[[76.89, 28.724999999999998], [76.92, 28.724999999999998], [76.92, 28.749999999999996], [76.89, 28.749999999999996], [76.89, 28.724999999999998]]]}",Crops
4.0,"{""geodesic"": false, ""type"": ""Polygon"", ""coordinates"": [[[76.92, 28.724999999999998], [76.95, 28.724999999999998], [76.95, 28.749999999999996], [76.92, 28.749999999999996], [76.92, 28.724999999999998]]]}",Crops
4.0,"{""geodesic"": false, ""type"": ""Polygon"", ""coordinates"": [[[76.95, 28.724999999999998], [76.98, 28.724999999999998], [76.98, 28.749999999999996], [76.95, 28.749999999999996], [76.95, 28.724999999999998]]]}",Crops
4.0,"{""geodesic"": false, ""type"": ""Polygon"", ""coordinates"": [[[76.98, 28.724999999999998], [77.01, 28.724999999999998], [77.01, 28.749999999999996], [76.98, 28.749999999999996], [76.98, 28.724999999999998]]]}",Crops
5.999999999999999,"{""geodesic"": false, ""type"": ""Polygon"", ""coordinates"": [[[77.01, 28.724999999999998], [77.04, 28.724999999999998], [77.04, 28.749999999999996], [77.01, 28.749999999999996], [77.01, 28.724999999999998]]]}",
5.999999999999991,"{""geodesic"": false, ""type"": ""Polygon"", ""coordinates"": [[[77.04, 28.724999999999998], [77.07000000000001, 28.724999999999998], [77.07000000000001, 28.749999999999996], [77.04, 28.749999999999996], [77.04, 28.724999999999998]]]}",
5.999999999999968,"{""geodesic"": false, ""type"": ""Polygon"", ""coordinates"": [[[77.07000000000001, 28.724999999999998], [77.10000000000001, 28.724999999999998], [77.10000000000001, 28.749999999999996], [77.07000000000001, 28.749999999999996], [77.07000000000001, 28.724999999999998]]]}",
5.999999999999964,"{""geodesic"": false, ""type"": ""Polygon"", ""coordinates"": [[[77.1, 28.724999999999998], [77.13, 28.724999999999998], [77.13, 28.749999999999996], [77.1, 28.749999999999996], [77.1, 28.724999999999998]]]}",
6.000000000000017,"{""geodesic"": false, ""type"": ""Polygon"", ""coordinates"": [[[77.13, 28.724999999999998], [77.16, 28.724999999999998], [77.16, 28.749999999999996], [77.13, 28.749999999999996], [77.13, 28.724999999999998]]]}",
5.999999999999963,"{""geodesic"": false, ""type"": ""Polygon"", ""coordinates"": [[[77.16, 28.724999999999998], [77.19, 28.724999999999998], [77.19, 28.749999999999996], [77.16, 28.749999999999996], [77.16, 28.724999999999998]]]}",
6.0000000000000275,"{""geodesic"": false, ""type"": ""Polygon"", ""coordinates"": [[[77.19, 28.724999999999998], [77.22, 28.724999999999998], [77.22, 28.749999999999996], [77.19, 28.749999999999996], [77.19, 28.724999999999998]]]}",
4.0,"{""geodesic"": false, ""type"": ""Polygon"", ""coordinates"": [[[77.22, 28.724999999999998], [77.25, 28.724999999999998], [77.25, 28.749999999999996], [77.22, 28.749999999999996], [77.22, 28.724999999999998]]]}",Crops
5.999999999999959,"{""geodesic"": false, ""type"": ""Polygon"", ""coordinates"": [[[77.25, 28.724999999999998], [77.28, 28.724999999999998], [77.28, 28.749999999999996], [77.25, 28.749999999999996], [77.25, 28.724999999999998]]]}",
5.999999999999933,"{""geodesic"": false, ""type"": ""Polygon"", ""coordinates"": [[[77.28, 28.724999999999998], [77.31, 28.724999999999998], [77.31, 28.749999999999996], [77.28, 28.749999999999996], [77.28, 28.724999999999998]]]}",
5.999999999999999,"{""geodesic"": false, ""type"": ""Polygon"", ""coordinates"": [[[77.31, 28.724999999999998], [77.34, 28.724999999999998], [77.34, 28.749999999999996], [77.31, 28.749999999999996], [77.31, 28.724999999999998]]]}",
4.0,"{""geodesic"": false, ""type"": ""Polygon"", ""coordinates"": [[[77.34, 28.724999999999998], [77.37, 28.724999999999998], [77.37, 28.749999999999996], [77.34, 28.749999999999996], [77.34, 28.724999999999998]]]}",Crops
4.0,"{""geodesic"": false, ""type"": ""Polygon"", ""coordinates"": [[[77.37, 28.724999999999998], [77.4, 28.724999999999998], [77.4, 28.749999999999996], [77.37, 28.749999999999996], [77.37, 28.724999999999998]]]}",Crops
4.0,"{""geodesic"": false, ""type"": ""Polygon"", ""coordinates"": [[[77.4, 28.724999999999998], [77.43, 28.724999999999998], [77.43, 28.749999999999996], [77.4, 28.749999999999996], [77.4, 28.724999999999998]]]}",Crops
4.0,"{""geodesic"": false, ""type"": ""Polygon"", ""coordinates"": [[[76.8, 28.75], [76.83, 28.75], [76.83, 28.775], [76.8, 28.775], [76.8, 28.75]]]}",Crops
4.0,"{""geodesic"": false, ""type"": ""Polygon"", ""coordinates"": [[[76.83, 28.75], [76.86, 28.75], [76.86, 28.775], [76.83, 28.775], [76.83, 28.75]]]}",Crops
4.0,"{""geodesic"": false, ""type"": ""Polygon"", ""coordinates"": [[[76.86, 28.75], [76.89, 28.75], [76.89, 28.775], [76.86, 28.775], [76.86, 28.75]]]}",Crops
4.0,"{""geodesic"": false, ""type"": ""Polygon"", ""coordinates"": [[[76.89, 28.75], [76.92, 28.75], [76.92, 28.775], [76.89, 28.775], [76.89, 28.75]]]}",Crops
4.0,"{""geodesic"": false, ""type"": ""Polygon"", ""coordinates"": [[[76.92, 28.75], [76.95, 28.75], [76.95, 28.775], [76.92, 28.775], [76.92, 28.75]]]}",Crops
4.0,"{""geodesic"": false, ""type"": ""Polygon"", ""coordinates"": [[[76.95, 28.75], [76.98, 28.75], [76.98, 28.775], [76.95, 28.775], [76.95, 28.75]]]}",Crops
4.0,"{""geodesic"": false, ""type"": ""Polygon"", ""coordinates"": [[[76.98, 28.75], [77.01, 28.75], [77.01, 28.775], [76.98, 28.775], [76.98, 28.75]]]}",Crops
4.0,"{""geodesic"": false, ""type"": ""Polygon"", ""coordinates"": [[[77.01, 28.75], [77.04, 28.75], [77.04, 28.775], [77.01, 28.775], [77.01, 28.75]]]}",Crops
5.999999999999968,"{""geodesic"": false, ""type"": ""Polygon"", ""coordinates"": [[[77.04, 28.75], [77.07000000000001, 28.75], [77.07000000000001, 28.775], [77.04, 28.775], [77.04, 28.75]]]}",
6.00000000000002,"{""geodesic"": false, ""type"": ""Polygon"", ""coordinates"": [[[77.07000000000001, 28.75], [77.10000000000001, 28.75], [77.10000000000001, 28.775], [77.07000000000001, 28.775], [77.07000000000001, 28.75]]]}",
5.999999999999928,"{""geodesic"": false, ""type"": ""Polygon"", ""coordinates"": [[[77.1, 28.75], [77.13, 28.75], [77.13, 28.775], [77.1, 28.775], [77.1, 28.75]]]}",
5.999999999999951,"{""geodesic"": false, ""type"": ""Polygon"", ""coordinates"": [[[77.13, 28.75], [77.16, 28.75], [77.16, 28.775], [77.13, 28.775], [77.13, 28.75]]]}",
5.999999999999962,"{""geodesic"": false, ""type"": ""Polygon"", ""coordinates"": [[[77.16, 28.75], [77.19, 28.75], [77.19, 28.775], [77.16, 28.775], [77.16, 28.75]]]}",
4.0,"{""geodesic"": false, ""type"": ""Polygon"", ""coordinates"": [[[77.19, 28.75], [77.22, 28.75], [77.22, 28.775], [77.19, 28.775], [77.19, 28.75]]]}",Crops
4.0,"{""geodesic"": false, ""type"": ""Polygon"", ""coordinates"": [[[77.22, 28.75], [77.25, 28.75], [77.25, 28.775], [77.22, 28.775], [77.22, 28.75]]]}",Crops
5.999999999999979,"{""geodesic"": false, ""type"": ""Polygon"", ""coordinates"": [[[77.25, 28.75], [77.28, 28.75], [77.28, 28.775], [77.25, 28.775], [77.25, 28.75]]]}",
5.999999999999965,"{""geodesic"": false, ""type"": ""Polygon"", ""coordinates"": [[[77.28, 28.75], [77.31, 28.75], [77.31, 28.775], [77.28, 28.775], [77.28, 28.75]]]}",
4.0,"{""geodesic"": false, ""type"": ""Polygon"", ""coordinates"": [[[77.31, 28.75], [77.34, 28.75], [77.34, 28.775], [77.31, 28.775], [77.31, 28.75]]]}",Crops
4.0,"{""geodesic"": false, ""type"": ""Polygon"", ""coordinates"": [[[77.34, 28.75], [77.37, 28.75], [77.37, 28.775], [77.34, 28.775], [77.34, 28.75]]]}",Crops
4.0,"{""geodesic"": false, ""type"": ""Polygon"", ""coordinates"": [[[77.37, 28.75], [77.4, 28.75], [77.4, 28.775], [77.37, 28.775], [77.37, 28.75]]]}",Crops
4.0,"{""geodesic"": false, ""type"": ""Polygon"", ""coordinates"": [[[77.4, 28.75], [77.43, 28.75], [77.43, 28.775], [77.4, 28.775], [77.4, 28.75]]]}",Crops
4.0,"{""geodesic"": false, ""type"": ""Polygon"", ""coordinates"": [[[76.8, 28.775], [76.83, 28.775], [76.83, 28.799999999999997], [76.8, 28.799999999999997], [76.8, 28.775]]]}",Crops
4.0,"{""geodesic"": false, ""type"": ""Polygon"", ""coordinates"": [[[76.83, 28.775], [76.86, 28.775], [76.86, 28.799999999999997], [76.83, 28.799999999999997], [76.83, 28.775]]]}",Crops
4.0,"{""geodesic"": false, ""type"": ""Polygon"", ""coordinates"": [[[76.86, 28.775], [76.89, 28.775], [76.89, 28.799999999999997], [76.86, 28.799999999999997], [76.86, 28.775]]]}",Crops
4.0,"{""geodesic"": false, ""type"": ""Polygon"", ""coordinates"": [[[76.89, 28.775], [76.92, 28.775], [76.92, 28.799999999999997], [76.89, 28.799999999999997], [76.89, 28.775]]]}",Crops
4.0,"{""geodesic"": false, ""type"": ""Polygon"", ""coordinates"": [[[76.92, 28.775], [76.95, 28.775], [76.95, 28.799999999999997], [76.92, 28.799999999999997], [76.92, 28.775]]]}",Crops
4.0,"{""geodesic"": false, ""type"": ""Polygon"", ""coordinates"": [[[76.95, 28.775], [76.98, 28.775], [76.98, 28.799999999999997], [76.95, 28.799999999999997], [76.95, 28.775]]]}",Crops
4.0,"{""geodesic"": false, ""type"": ""Polygon"", ""coordinates"": [[[76.98, 28.775], [77.01, 28.775], [77.01, 28.799999999999997], [76.98, 28.799999999999997], [76.98, 28.775]]]}",Crops
4.0,"{""geodesic"": false, ""type"": ""Polygon"", ""coordinates"": [[[77.01, 28.775], [77.04, 28.775], [77.04, 28.799999999999997], [77.01, 28.799999999999997], [77.01, 28.775]]]}",Crops
6.00000000000002,"{""geodesic"": false, ""type"": ""Polygon"", ""coordinates"": [[[77.04, 28.775], [77.07000000000001, 28.775], [77.07000000000001, 28.799999999999997], [77.04, 28.799999999999997], [77.04, 28.775]]]}",
4.0,"{""geodesic"": false, ""type"": ""Polygon"", ""coordinates"": [[[77.07000000000001, 28.775], [77.10000000000001, 28.775], [77.10000000000001, 28.799999999999997], [77.07000000000001, 28.799999999999997], [77.07000000000001, 28.775]]]}",Crops
4.0,"{""geodesic"": false, ""type"": ""Polygon"", ""coordinates"": [[[77.1, 28.775], [77.13, 28.775], [77.13, 28.799999999999997], [77.1, 28.799999999999997], [77.1, 28.775]]]}",Crops
5.999999999999979,"{""geodesic"": false, ""type"": ""Polygon"", ""coordinates"": [[[77.13, 28.775], [77.16, 28.775], [77.16, 28.799999999999997], [77.13, 28.799999999999997], [77.13, 28.775]]]}",
4.0,"{""geodesic"": false, ""type"": ""Polygon"", ""coordinates"": [[[77.16, 28.775], [77.19, 28.775], [77.19, 28.799999999999997], [77.16, 28.799999999999997], [77.16, 28.775]]]}",Crops
4.0,"{""geodesic"": false, ""type"": ""Polygon"", ""coordinates"": [[[77.19, 28.775], [77.22, 28.775], [77.22, 28.799999999999997], [77.19, 28.799999999999997], [77.19, 28.775]]]}",Crops
4.0,"{""geodesic"": false, ""type"": ""Polygon"", ""coordinates"": [[[77.22, 28.775], [77.25, 28.775], [77.25, 28.799999999999997], [77.22, 28.799999999999997], [77.22, 28.775]]]}",Crops
5.9999999999999964,"{""geodesic"": false, ""type"": ""Polygon"", ""coordinates"": [[[77.25, 28.775], [77.28, 28.775], [77.28, 28.799999999999997], [77.25, 28.799999999999997], [77.25, 28.775]]]}",
4.0,"{""geodesic"": false, ""type"": ""Polygon"", ""coordinates"": [[[77.28, 28.775], [77.31, 28.775], [77.31, 28.799999999999997], [77.28, 28.799999999999997], [77.28, 28.775]]]}",Crops
4.0,"{""geodesic"": false, ""type"": ""Polygon"", ""coordinates"": [[[77.31, 28.775], [77.34, 28.775], [77.34, 28.799999999999997], [77.31, 28.799999999999997], [77.31, 28.775]]]}",Crops
4.0,"{""geodesic"": false, ""type"": ""Polygon"", ""coordinates"": [[[77.34, 28.775], [77.37, 28.775], [77.37, 28.799999999999997], [77.34, 28.799999999999997], [77.34, 28.775]]]}",Crops
4.0,"{""geodesic"": false, ""type"": ""Polygon"", ""coordinates"": [[[77.37, 28.775], [77.4, 28.775], [77.4, 28.799999999999997], [77.37, 28.799999999999997], [77.37, 28.775]]]}",Crops
4.0,"{""geodesic"": false, ""type"": ""Polygon"", ""coordinates"": [[[77.4, 28.775], [77.43, 28.775], [77.43, 28.799999999999997], [77.4, 28.799999999999997], [77.4, 28.775]]]}",Crops
4.0,"{""geodesic"": false, ""type"": ""Polygon"", ""coordinates"": [[[76.8, 28.799999999999997], [76.83, 28.799999999999997], [76.83, 28.824999999999996], [76.8, 28.824999999999996], [76.8, 28.799999999999997]]]}",Crops
4.0,"{""geodesic"": false, ""type"": ""Polygon"", ""coordinates"": [[[76.83, 28.799999999999997], [76.86, 28.799999999999997], [76.86, 28.824999999999996], [76.83, 28.824999999999996], [76.83, 28.799999999999997]]]}",Crops
4.0,"{""geodesic"": false, ""type"": ""Polygon"", ""coordinates"": [[[76.86, 28.799999999999997], [76.89, 28.799999999999997], [76.89, 28.824999999999996], [76.86, 28.824999999999996], [76.86, 28.799999999999997]]]}",Crops
4.0,"{""geodesic"": false, ""type"": ""Polygon"", ""coordinates"": [[[76.89, 28.799999999999997], [76.92, 28.799999999999997], [76.92, 28.824999999999996], [76.89, 28.824999999999996], [76.89, 28.799999999999997]]]}",Crops
4.0,"{""geodesic"": false, ""type"": ""Polygon"", ""coordinates"": [[[76.92, 28.799999999999997], [76.95, 28.799999999999997], [76.95, 28.824999999999996], [76.92, 28.824999999999996], [76.92, 28.799999999999997]]]}",Crops
4.0,"{""geodesic"": false, ""type"": ""Polygon"", ""coordinates"": [[[76.95, 28.799999999999997], [76.98, 28.799999999999997], [76.98, 28.824999999999996], [76.95, 28.824999999999996], [76.95, 28.799999999999997]]]}",Crops
4.0,"{""geodesic"": false, ""type"": ""Polygon"", ""coordinates"": [[[76.98, 28.799999999999997], [77.01, 28.799999999999997], [77.01, 28.824999999999996], [76.98, 28.824999999999996], [76.98, 28.799999999999997]]]}",Crops
4.0,"{""geodesic"": false, ""type"": ""Polygon"", ""coordinates"": [[[77.01, 28.799999999999997], [77.04, 28.799999999999997], [77.04, 28.824999999999996], [77.01, 28.824999999999996], [77.01, 28.799999999999997]]]}",Crops
6.000000000000016,"{""geodesic"": false, ""type"": ""Polygon"", ""coordinates"": [[[77.04, 28.799999999999997], [77.07000000000001, 28.799999999999997], [77.07000000000001, 28.824999999999996], [77.04, 28.824999999999996], [77.04, 28.799999999999997]]]}",
6.000000000000049,"{""geodesic"": false, ""type"": ""Polygon"", ""coordinates"": [[[77.07000000000001, 28.799999999999997], [77.10000000000001, 28.799999999999997], [77.10000000000001, 28.824999999999996], [77.07000000000001, 28.824999999999996], [77.07000000000001, 28.799999999999997]]]}",
4.0,"{""geodesic"": false, ""type"": ""Polygon"", ""coordinates"": [[[77.1, 28.799999999999997], [77.13, 28.799999999999997], [77.13, 28.824999999999996], [77.1, 28.824999999999996], [77.1, 28.799999999999997]]]}",Crops
6.000000000000031,"{""geodesic"": false, ""type"": ""Polygon"", ""coordinates"": [[[77.13, 28.799999999999997], [77.16, 28.799999999999997], [77.16, 28.824999999999996], [77.13, 28.824999999999996], [77.13, 28.799999999999997]]]}",
4.0,"{""geodesic"": false, ""type"": ""Polygon"", ""coordinates"": [[[77.16, 28.799999999999997], [77.19, 28.799999999999997], [77.19, 28.824999999999996], [77.16, 28.824999999999996], [77.16, 28.799999999999997]]]}",Crops
4.0,"{""geodesic"": false, ""type"": ""Polygon"", ""coordinates"": [[[77.19, 28.799999999999997], [77.22, 28.799999999999997], [77.22, 28.824999999999996], [77.19, 28.824999999999996], [77.19, 28.799999999999997]]]}",Crops
4.0,"{""geodesic"": false, ""type"": ""Polygon"", ""coordinates"": [[[77.22, 28.799999999999997], [77.25, 28.799999999999997], [77.25, 28.824999999999996], [77.22, 28.824999999999996], [77.22, 28.799999999999997]]]}",Crops
4.0,"{""geodesic"": false, ""type"": ""Polygon"", ""coordinates"": [[[77.25, 28.799999999999997], [77.28, 28.799999999999997], [77.28, 28.824999999999996], [77.25, 28.824999999999996], [77.25, 28.799999999999997]]]}",Crops
4.0,"{""geodesic"": false, ""type"": ""Polygon"", ""coordinates"": [[[77.28, 28.799999999999997], [77.31, 28.799999999999997], [77.31, 28.824999999999996], [77.28, 28.824999999999996], [77.28, 28.799999999999997]]]}",Crops
4.0,"{""geodesic"": false, ""type"": ""Polygon"", ""coordinates"": [[[77.31, 28.799999999999997], [77.34, 28.799999999999997], [77.34, 28.824999999999996], [77.31, 28.824999999999996], [77.31, 28.799999999999997]]]}",Crops
4.0,"{""geodesic"": false, ""type"": ""Polygon"", ""coordinates"": [[[77.34, 28.799999999999997], [77.37, 28.799999999999997], [77.37, 28.824999999999996], [77.34, 28.824999999999996], [77.34, 28.799999999999997]]]}",Crops
4.0,"{""geodesic"": false, ""type"": ""Polygon"", ""coordinates"": [[[77.37, 28.799999999999997], [77.4, 28.799999999999997], [77.4, 28.824999999999996], [77.37, 28.824999999999996], [77.37, 28.799999999999997]]]}",Crops
4.0,"{""geodesic"": false, ""type"": ""Polygon"", ""coordinates"": [[[77.4, 28.799999999999997], [77.43, 28.799999999999997], [77.43, 28.824999999999996], [77.4, 28.824999999999996], [77.4, 28.799999999999997]]]}",Crops
4.0,"{""geodesic"": false, ""type"": ""Polygon"", ""coordinates"": [[[76.8, 28.825], [76.83, 28.825], [76.83, 28.849999999999998], [76.8, 28.849999999999998], [76.8, 28.825]]]}",Crops
4.0,"{""geodesic"": false, ""type"": ""Polygon"", ""coordinates"": [[[76.83, 28.825], [76.86, 28.825], [76.86, 28.849999999999998], [76.83, 28.849999999999998], [76.83, 28.825]]]}",Crops
4.0,"{""geodesic"": false, ""type"": ""Polygon"", ""coordinates"": [[[76.86, 28.825], [76.89, 28.825], [76.89, 28.849999999999998], [76.86, 28.849999999999998], [76.86, 28.825]]]}",Crops
4.0,"{""geodesic"": false, ""type"": ""Polygon"", ""coordinates"": [[[76.89, 28.825], [76.92, 28.825], [76.92, 28.849999999999998], [76.89, 28.849999999999998], [76.89, 28.825]]]}",Crops
4.0,"{""geodesic"": false, ""type"": ""Polygon"", ""coordinates"": [[[76.92, 28.825], [76.95, 28.825], [76.95, 28.849999999999998], [76.92, 28.849999999999998], [76.92, 28.825]]]}",Crops
4.0,"{""geodesic"": false, ""type"": ""Polygon"", ""coordinates"": [[[76.95, 28.825], [76.98, 28.825], [76.98, 28.849999999999998], [76.95, 28.849999999999998], [76.95, 28.825]]]}",Crops
4.0,"{""geodesic"": false, ""type"": ""Polygon"", ""coordinates"": [[[76.98, 28.825], [77.01, 28.825], [77.01, 28.849999999999998], [76.98, 28.849999999999998], [76.98, 28.825]]]}",Crops
4.0,"{""geodesic"": false, ""type"": ""Polygon"", ""coordinates"": [[[77.01, 28.825], [77.04, 28.825], [77.04, 28.849999999999998], [77.01, 28.849999999999998], [77.01, 28.825]]]}",Crops
4.0,"{""geodesic"": false, ""type"": ""Polygon"", ""coordinates"": [[[77.04, 28.825], [77.07000000000001, 28.825], [77.07000000000001, 28.849999999999998], [77.04, 28.849999999999998], [77.04, 28.825]]]}",Crops
6.000000000000053,"{""geodesic"": false, ""type"": ""Polygon"", ""coordinates"": [[[77.07000000000001, 28.825], [77.10000000000001, 28.825], [77.10000000000001, 28.849999999999998], [77.07000000000001, 28.849999999999998], [77.07000000000001, 28.825]]]}",
6.000000000000039,"{""geodesic"": false, ""type"": ""Polygon"", ""coordinates"": [[[77.1, 28.825], [77.13, 28.825], [77.13, 28.849999999999998], [77.1, 28.849999999999998], [77.1, 28.825]]]}",
4.0,"{""geodesic"": false, ""type"": ""Polygon"", ""coordinates"": [[[77.13, 28.825], [77.16, 28.825], [77.16, 28.849999999999998], [77.13, 28.849999999999998], [77.13, 28.825]]]}",Crops
4.0,"{""geodesic"": false, ""type"": ""Polygon"", ""coordinates"": [[[77.16, 28.825], [77.19, 28.825], [77.19, 28.849999999999998], [77.16, 28.849999999999998], [77.16, 28.825]]]}",Crops
4.0,"{""geodesic"": false, ""type"": ""Polygon"", ""coordinates"": [[[77.19, 28.825], [77.22, 28.825], [77.22, 28.849999999999998], [77.19, 28.849999999999998], [77.19, 28.825]]]}",Crops
4.0,"{""geodesic"": false, ""type"": ""Polygon"", ""coordinates"": [[[77.22, 28.825], [77.25, 28.825], [77.25, 28.849999999999998], [77.22, 28.849999999999998], [77.22, 28.825]]]}",Crops
4.0,"{""geodesic"": false, ""type"": ""Polygon"", ""coordinates"": [[[77.25, 28.825], [77.28, 28.825], [77.28, 28.849999999999998], [77.25, 28.849999999999998], [77.25, 28.825]]]}",Crops
4.0,"{""geodesic"": false, ""type"": ""Polygon"", ""coordinates"": [[[77.28, 28.825], [77.31, 28.825], [77.31, 28.849999999999998], [77.28, 28.849999999999998], [77.28, 28.825]]]}",Crops
4.0,"{""geodesic"": false, ""type"": ""Polygon"", ""coordinates"": [[[77.31, 28.825], [77.34, 28.825], [77.34, 28.849999999999998], [77.31, 28.849999999999998], [77.31, 28.825]]]}",Crops
4.0,"{""geodesic"": false, ""type"": ""Polygon"", ""coordinates"": [[[77.34, 28.825], [77.37, 28.825], [77.37, 28.849999999999998], [77.34, 28.849999999999998], [77.34, 28.825]]]}",Crops
4.0,"{""geodesic"": false, ""type"": ""Polygon"", ""coordinates"": [[[77.37, 28.825], [77.4, 28.825], [77.4, 28.849999999999998], [77.37, 28.849999999999998], [77.37, 28.825]]]}",Crops
4.0,"{""geodesic"": false, ""type"": ""Polygon"", ""coordinates"": [[[77.4, 28.825], [77.43, 28.825], [77.43, 28.849999999999998], [77.4, 28.849999999999998], [77.4, 28.825]]]}",Crops
4.0,"{""geodesic"": false, ""type"": ""Polygon"", ""coordinates"": [[[76.8, 28.849999999999998], [76.83, 28.849999999999998], [76.83, 28.874999999999996], [76.8, 28.874999999999996], [76.8, 28.849999999999998]]]}",Crops
4.0,"{""geodesic"": false, ""type"": ""Polygon"", ""coordinates"": [[[76.83, 28.849999999999998], [76.86, 28.849999999999998], [76.86, 28.874999999999996], [76.83, 28.874999999999996], [76.83, 28.849999999999998]]]}",Crops
4.0,"{""geodesic"": false, ""type"": ""Polygon"", ""coordinates"": [[[76.86, 28.849999999999998], [76.89, 28.849999999999998], [76.89, 28.874999999999996], [76.86, 28.874999999999996], [76.86, 28.849999999999998]]]}",Crops
4.0,"{""geodesic"": false, ""type"": ""Polygon"", ""coordinates"": [[[76.89, 28.849999999999998], [76.92, 28.849999999999998], [76.92, 28.874999999999996], [76.89, 28.874999999999996], [76.89, 28.849999999999998]]]}",Crops
4.0,"{""geodesic"": false, ""type"": ""Polygon"", ""coordinates"": [[[76.92, 28.849999999999998], [76.95, 28.849999999999998], [76.95, 28.874999999999996], [76.92, 28.874999999999996], [76.92, 28.849999999999998]]]}",Crops
4.0,"{""geodesic"": false, ""type"": ""Polygon"", ""coordinates"": [[[76.95, 28.849999999999998], [76.98, 28.849999999999998], [76.98, 28.874999999999996], [76.95, 28.874999999999996], [76.95, 28.849999999999998]]]}",Crops
4.0,"{""geodesic"": false, ""type"": ""Polygon"", ""coordinates"": [[[76.98, 28.849999999999998], [77.01, 28.849999999999998], [77.01, 28.874999999999996], [76.98, 28.874999999999996], [76.98, 28.849999999999998]]]}",Crops
4.0,"{""geodesic"": false, ""type"": ""Polygon"", ""coordinates"": [[[77.01, 28.849999999999998], [77.04, 28.849999999999998], [77.04, 28.874999999999996], [77.01, 28.874999999999996], [77.01, 28.849999999999998]]]}",Crops
4.0,"{""geodesic"": false, ""type"": ""Polygon"", ""coordinates"": [[[77.04, 28.849999999999998], [77.07000000000001, 28.849999999999998], [77.07000000000001, 28.874999999999996], [77.04, 28.874999999999996], [77.04, 28.849999999999998]]]}",Crops
6.000000000000035,"{""geodesic"": false, ""type"": ""Polygon"", ""coordinates"": [[[77.07000000000001, 28.849999999999998], [77.10000000000001, 28.849999999999998], [77.10000000000001, 28.874999999999996], [77.07000000000001, 28.874999999999996], [77.07000000000001, 28.849999999999998]]]}",
6.000000000000052,"{""geodesic"": false, ""type"": ""Polygon"", ""coordinates"": [[[77.1, 28.849999999999998], [77.13, 28.849999999999998], [77.13, 28.874999999999996], [77.1, 28.874999999999996], [77.1, 28.849999999999998]]]}",
6.0,"{""geodesic"": false, ""type"": ""Polygon"", ""coordinates"": [[[77.13, 28.849999999999998], [77.16, 28.849999999999998], [77.16, 28.874999999999996], [77.13, 28.874999999999996], [77.13, 28.849999999999998]]]}",Built area
4.0,"{""geodesic"": false, ""type"": ""Polygon"", ""coordinates"": [[[77.16, 28.849999999999998], [77.19, 28.849999999999998], [77.19, 28.874999999999996], [77.16, 28.874999999999996], [77.16, 28.849999999999998]]]}",Crops
4.0,"{""geodesic"": false, ""type"": ""Polygon"", ""coordinates"": [[[77.19, 28.849999999999998], [77.22, 28.849999999999998], [77.22, 28.874999999999996], [77.19, 28.874999999999996], [77.19, 28.849999999999998]]]}",Crops
4.0,"{""geodesic"": false, ""type"": ""Polygon"", ""coordinates"": [[[77.22, 28.849999999999998], [77.25, 28.849999999999998], [77.25, 28.874999999999996], [77.22, 28.874999999999996], [77.22, 28.849999999999998]]]}",Crops
4.0,"{""geodesic"": false, ""type"": ""Polygon"", ""coordinates"": [[[77.25, 28.849999999999998], [77.28, 28.849999999999998], [77.28, 28.874999999999996], [77.25, 28.874999999999996], [77.25, 28.849999999999998]]]}",Crops
4.0,"{""geodesic"": false, ""type"": ""Polygon"", ""coordinates"": [[[77.28, 28.849999999999998], [77.31, 28.849999999999998], [77.31, 28.874999999999996], [77.28, 28.874999999999996], [77.28, 28.849999999999998]]]}",Crops
4.0,"{""geodesic"": false, ""type"": ""Polygon"", ""coordinates"": [[[77.31, 28.849999999999998], [77.34, 28.849999999999998], [77.34, 28.874999999999996], [77.31, 28.874999999999996], [77.31, 28.849999999999998]]]}",Crops
4.0,"{""geodesic"": false, ""type"": ""Polygon"", ""coordinates"": [[[77.34, 28.849999999999998], [77.37, 28.849999999999998], [77.37, 28.874999999999996], [77.34, 28.874999999999996], [77.34, 28.849999999999998]]]}",Crops
4.0,"{""geodesic"": false, ""type"": ""Polygon"", ""coordinates"": [[[77.37, 28.849999999999998], [77.4, 28.849999999999998], [77.4, 28.874999999999996], [77.37, 28.874999999999996], [77.37, 28.849999999999998]]]}",Crops
4.0,"{""geodesic"": false, ""type"": ""Polygon"", ""coordinates"": [[[77.4, 28.849999999999998], [77.43, 28.849999999999998], [77.43, 28.874999999999996], [77.4, 28.874999999999996], [77.4, 28.849999999999998]]]}",Crops
4.0,"{""geodesic"": false, ""type"": ""Polygon"", ""coordinates"": [[[76.8, 28.875], [76.83, 28.875], [76.83, 28.9], [76.8, 28.9], [76.8, 28.875]]]}",Crops
4.0,"{""geodesic"": false, ""type"": ""Polygon"", ""coordinates"": [[[76.83, 28.875], [76.86, 28.875], [76.86, 28.9], [76.83, 28.9], [76.83, 28.875]]]}",Crops
4.0,"{""geodesic"": false, ""type"": ""Polygon"", ""coordinates"": [[[76.86, 28.875], [76.89, 28.875], [76.89, 28.9], [76.86, 28.9], [76.86, 28.875]]]}",Crops
4.0,"{""geodesic"": false, ""type"": ""Polygon"", ""coordinates"": [[[76.89, 28.875], [76.92, 28.875], [76.92, 28.9], [76.89, 28.9], [76.89, 28.875]]]}",Crops
4.0,"{""geodesic"": false, ""type"": ""Polygon"", ""coordinates"": [[[76.92, 28.875], [76.95, 28.875], [76.95, 28.9], [76.92, 28.9], [76.92, 28.875]]]}",Crops
4.0,"{""geodesic"": false, ""type"": ""Polygon"", ""coordinates"": [[[76.95, 28.875], [76.98, 28.875], [76.98, 28.9], [76.95, 28.9], [76.95, 28.875]]]}",Crops
4.0,"{""geodesic"": false, ""type"": ""Polygon"", ""coordinates"": [[[76.98, 28.875], [77.01, 28.875], [77.01, 28.9], [76.98, 28.9], [76.98, 28.875]]]}",Crops
4.0,"{""geodesic"": false, ""type"": ""Polygon"", ""coordinates"": [[[77.01, 28.875], [77.04, 28.875], [77.04, 28.9], [77.01, 28.9], [77.01, 28.875]]]}",Crops
4.0,"{""geodesic"": false, ""type"": ""Polygon"", ""coordinates"": [[[77.04, 28.875], [77.07000000000001, 28.875], [77.07000000000001, 28.9], [77.04, 28.9], [77.04, 28.875]]]}",Crops
5.999999999999999,"{""geodesic"": false, ""type"": ""Polygon"", ""coordinates"": [[[77.07000000000001, 28.875], [77.10000000000001, 28.875], [77.10000000000001, 28.9], [77.07000000000001, 28.9], [77.07000000000001, 28.875]]]}",
5.999999999999979,"{""geodesic"": false, ""type"": ""Polygon"", ""coordinates"": [[[77.1, 28.875], [77.13, 28.875], [77.13, 28.9], [77.1, 28.9], [77.1, 28.875]]]}",
4.0,"{""geodesic"": false, ""type"": ""Polygon"", ""coordinates"": [[[77.13, 28.875], [77.16, 28.875], [77.16, 28.9], [77.13, 28.9], [77.13, 28.875]]]}",Crops
4.0,"{""geodesic"": false, ""type"": ""Polygon"", ""coordinates"": [[[77.16, 28.875], [77.19, 28.875], [77.19, 28.9], [77.16, 28.9], [77.16, 28.875]]]}",Crops
4.0,"{""geodesic"": false, ""type"": ""Polygon"", ""coordinates"": [[[77.19, 28.875], [77.22, 28.875], [77.22, 28.9], [77.19, 28.9], [77.19, 28.875]]]}",Crops
4.0,"{""geodesic"": false, ""type"": ""Polygon"", ""coordinates"": [[[77.22, 28.875], [77.25, 28.875], [77.25, 28.9], [77.22, 28.9], [77.22, 28.875]]]}",Crops
4.0,"{""geodesic"": false, ""type"": ""Polygon"", ""coordinates"": [[[77.25, 28.875], [77.28, 28.875], [77.28, 28.9], [77.25, 28.9], [77.25, 28.875]]]}",Crops
4.0,"{""geodesic"": false, ""type"": ""Polygon"", ""coordinates"": [[[77.28, 28.875], [77.31, 28.875], [77.31, 28.9], [77.28, 28.9], [77.28, 28.875]]]}",Crops
4.0,"{""geodesic"": false, ""type"": ""Polygon"", ""coordinates"": [[[77.31, 28.875], [77.34, 28.875], [77.34, 28.9], [77.31, 28.9], [77.31, 28.875]]]}",Crops
4.0,"{""geodesic"": false, ""type"": ""Polygon"", ""coordinates"": [[[77.34, 28.875], [77.37, 28.875], [77.37, 28.9], [77.34, 28.9], [77.34, 28.875]]]}",Crops
4.0,"{""geodesic"": false, ""type"": ""Polygon"", ""coordinates"": [[[77.37, 28.875], [77.4, 28.875], [77.4, 28.9], [77.37, 28.9], [77.37, 28.875]]]}",Crops
4.0,"{""geodesic"": false, ""type"": ""Polygon"", ""coordinates"": [[[77.4, 28.875], [77.43, 28.875], [77.43, 28.9], [77.4, 28.9], [77.4, 28.875]]]}",Crops
4.0,"{""geodesic"": false, ""type"": ""Polygon"", ""coordinates"": [[[76.8, 28.9], [76.83, 28.9], [76.83, 28.924999999999997], [76.8, 28.924999999999997], [76.8, 28.9]]]}",Crops
4.0,"{""geodesic"": false, ""type"": ""Polygon"", ""coordinates"": [[[76.83, 28.9], [76.86, 28.9], [76.86, 28.924999999999997], [76.83, 28.924999999999997], [76.83, 28.9]]]}",Crops
4.0,"{""geodesic"": false, ""type"": ""Polygon"", ""coordinates"": [[[76.86, 28.9], [76.89, 28.9], [76.89, 28.924999999999997], [76.86, 28.924999999999997], [76.86, 28.9]]]}",Crops
4.0,"{""geodesic"": false, ""type"": ""Polygon"", ""coordinates"": [[[76.89, 28.9], [76.92, 28.9], [76.92, 28.924999999999997], [76.89, 28.924999999999997], [76.89, 28.9]]]}",Crops
4.0,"{""geodesic"": false, ""type"": ""Polygon"", ""coordinates"": [[[76.92, 28.9], [76.95, 28.9], [76.95, 28.924999999999997], [76.92, 28.924999999999997], [76.92, 28.9]]]}",Crops
4.0,"{""geodesic"": false, ""type"": ""Polygon"", ""coordinates"": [[[76.95, 28.9], [76.98, 28.9], [76.98, 28.924999999999997], [76.95, 28.924999999999997], [76.95, 28.9]]]}",Crops
4.0,"{""geodesic"": false, ""type"": ""Polygon"", ""coordinates"": [[[76.98, 28.9], [77.01, 28.9], [77.01, 28.924999999999997], [76.98, 28.924999999999997], [76.98, 28.9]]]}",Crops
4.0,"{""geodesic"": false, ""type"": ""Polygon"", ""coordinates"": [[[77.01, 28.9], [77.04, 28.9], [77.04, 28.924999999999997], [77.01, 28.924999999999997], [77.01, 28.9]]]}",Crops
4.0,"{""geodesic"": false, ""type"": ""Polygon"", ""coordinates"": [[[77.04, 28.9], [77.07000000000001, 28.9], [77.07000000000001, 28.924999999999997], [77.04, 28.924999999999997], [77.04, 28.9]]]}",Crops
4.0,"{""geodesic"": false, ""type"": ""Polygon"", ""coordinates"": [[[77.07000000000001, 28.9], [77.10000000000001, 28.9], [77.10000000000001, 28.924999999999997], [77.07000000000001, 28.924999999999997], [77.07000000000001, 28.9]]]}",Crops
5.999999999999988,"{""geodesic"": false, ""type"": ""Polygon"", ""coordinates"": [[[77.1, 28.9], [77.13, 28.9], [77.13, 28.924999999999997], [77.1, 28.924999999999997], [77.1, 28.9]]]}",
4.0,"{""geodesic"": false, ""type"": ""Polygon"", ""coordinates"": [[[77.13, 28.9], [77.16, 28.9], [77.16, 28.924999999999997], [77.13, 28.924999999999997], [77.13, 28.9]]]}",Crops
4.0,"{""geodesic"": false, ""type"": ""Polygon"", ""coordinates"": [[[77.16, 28.9], [77.19, 28.9], [77.19, 28.924999999999997], [77.16, 28.924999999999997], [77.16, 28.9]]]}",Crops
4.0,"{""geodesic"": false, ""type"": ""Polygon"", ""coordinates"": [[[77.19, 28.9], [77.22, 28.9], [77.22, 28.924999999999997], [77.19, 28.924999999999997], [77.19, 28.9]]]}",Crops
4.0,"{""geodesic"": false, ""type"": ""Polygon"", ""coordinates"": [[[77.22, 28.9], [77.25, 28.9], [77.25, 28.924999999999997], [77.22, 28.924999999999997], [77.22, 28.9]]]}",Crops
4.0,"{""geodesic"": false, ""type"": ""Polygon"", ""coordinates"": [[[77.25, 28.9], [77.28, 28.9], [77.28, 28.924999999999997], [77.25, 28.924999999999997], [77.25, 28.9]]]}",Crops
4.0,"{""geodesic"": false, ""type"": ""Polygon"", ""coordinates"": [[[77.28, 28.9], [77.31, 28.9], [77.31, 28.924999999999997], [77.28, 28.924999999999997], [77.28, 28.9]]]}",Crops
4.0,"{""geodesic"": false, ""type"": ""Polygon"", ""coordinates"": [[[77.31, 28.9], [77.34, 28.9], [77.34, 28.924999999999997], [77.31, 28.924999999999997], [77.31, 28.9]]]}",Crops
4.0,"{""geodesic"": false, ""type"": ""Polygon"", ""coordinates"": [[[77.34, 28.9], [77.37, 28.9], [77.37, 28.924999999999997], [77.34, 28.924999999999997], [77.34, 28.9]]]}",Crops
4.0,"{""geodesic"": false, ""type"": ""Polygon"", ""coordinates"": [[[77.37, 28.9], [77.4, 28.9], [77.4, 28.924999999999997], [77.37, 28.924999999999997], [77.37, 28.9]]]}",Crops
4.0,"{""geodesic"": false, ""type"": ""Polygon"", ""coordinates"": [[[77.4, 28.9], [77.43, 28.9], [77.43, 28.924999999999997], [77.4, 28.924999999999997], [77.4, 28.9]]]}",Crops
